p_name,policy_id,introduction,policy_type,support,operating_period,application_period,scale,p_region,p_age_max,p_age,p_region_income,p_education,p_major,p_employment,p_characteristic,detail,restriction,procedure,announcement,m_site,document,etc,a_name,m_name,a_site1,a_site2
청년 임차인 보호,R2021031100732,서울대학교 학생과 관내 청년을 대상으로 주택임대차보호법 홍보를 실시하고 관내 부동산중개사무소와 협의하여 청년에게 부동산중개보수 감면 서비스 혜택을 제공,"주거·금융, 주거지원",1. 주택 · 전·월세 금액 5천만원 미만 : 0.5%→0.4% · 전·월세 금액 5천만원 이상 ~7천5천만원 이하 : 0.4%→0.3%2. 건축물대장상 주택 외(실제용도는 주택이용) · 전·월세 금액 7천5백만원 이하 : 0.9%이내 협의→주택 현재 요율(0.4~0.5%),2021.01.01.~2021.12.31.,-,-,서울 관악구,29,만 19세 ~ 29세,"서울대학교 교육은 서울대학교 재학생, 또는 청년공간 관악구 청년",제한없음,제한없음,제한없음,제한없음,청년 임차인 감면 참여 중개업소(505개소),-,-,-,-,-,-,관악구청 지적과,-,http://www.gwanak.go.kr/site/gwanak/05/10513060200002019012310.jsp,-
청년우대형 청약통장,R2022011001041,저소득 무주택 청년의 주택구매 및 임차자금 마련 지원을 위해 재형 기능을 강화한 청약통장 도입,"주거·금융, 주거지원","- 납입원금 5,000만원 한도 내(단, 전환신규한 경우 전환원금은 제외)에서 신규가입일로부터 2년 이상인 경우(단, 청약당첨으로 인한 해지인 경우에는 2년 미경과라도 적용) 가입일로부터 10년 이내에서 무주택인 기간에 한하여 기존「주택청약종합저축」 이율에 우대이율(1.5퍼센트포인트)을 더한 이율을 적용 
단, 가입 당시 주택을 소유하고 있었던 경우에는 가입기간 전체에 대하여 주택을 소유하고 있었던 것으로 보며, 가입기간 중 주택을 취득한 경우 가입일부터 주택 취득일이 속한 연도의 직전년도 말일까지를 무주택 기간으로 봄",,2022.1.1. ~2022.12.31.(연중 상시),-,중앙부처,34,만 19세 ~ 34세,"만 19세 이상 ∼ 만 34세 이하
- (병역증명서에 의한 병역 이행기간이 증명되는 경우 현재 연령에서 병역 이행 기간(최대 6년)을 빼고 계산한 연령이 만 34세 이하인 사람 포함)
-  직전년도 신고소득이 있는 자로 연소득 3천만 원 이하 (근로. 사업. 기타소득자에 한함)
- (근로기간 1년 미만으로 직전년도 신고소득이 없는 근로소득자에 한해 당해 급여명세표 등으로 연소득 환산 후 가입 가능)
- 이자소득 비과세 대상 소득기준은 일부 상이
무주택 세대주 외(구체적인 사항은 홈페이지 확인)",제한없음,제한없음,제한없음,"저소득층, 무주택청년","- 매월 약정납입일(신규가입일 또는 전환신규일)에 2만원이상 50만원이하의 금액을 10원 단위로 자유롭게 납입
(단, 입금하려는 금액과 납입누계액의 합이 1,500만원 이하인 경우 50만원을 초과하여 입금 가능)
- 전환신규한 경우 전환원금이 1,500만원 이상인 경우에는 다음 회차부터는 매월 50만원을 초과하여 입금 불가v",제한없음,"- 주택도시기금 수탁은행 ( 우리, 국민, 신한, 농협, 기업, 하나, 대구, 부산, 경남은행)에서 신청가능
- 온라인 신청 불가능",신청한 은행에서 별도 안내,"주택도시기금 수탁은행 ( 우리, 국민, 신한, 농협, 기업, 하나, 대구, 부산, 경남은행) 방문신청","소득증빙: 소득확인증명서(청년우대형 주택청약종합저축 가입 및 과세특례 신청용)
병적증명서:해당하는자
각서(양식제공)
(비과세신청시) 비과세 신청자용 각서 및 정보제공 동의서(양식제공)","※ 변동금리로서 정부 고시에 의하여 변경될 수 있으며, 이율이 변경되는 경우 변경일기준으로 기존 가입고객 포함하여 변경 후 이자율 적용",국토교통부 주택기금과,주택도시보증공사 기금기획실,https://www.gov.kr/portal/service/serviceInfo/161300000088,https://www.gov.kr/portal/main
보호종료아동 주거지원 통합서비스,R2021021800166,보호종료아동의 성공적인 자립실현을 위한 안정적 주거환경 조성 및 통합 사례관리를 통한 사회·경제·심리적 자립생활 기반 구축,"주거·금융, 주거지원","1. 주거지원 : 한국토지주택공사(LH) 매입임대주택 및 전세임대주택 월 임대료 지원 ※ 사례관리 기간 동안 매월 15~20만원 상당 임대료 실비 지원(지역별 차등지원)2. 주거환경조성 : 물품 유지관리, 물품지원 등(1호당 50만원)을 지원3. 사례관리 : 개별 대상자 특성을 고려한 복지급여(서비스) 연계 및 자립지원 서비스 제공, 대상자 1인당 매월 20만원 사례관리비 지원",-,상시접수,-,중앙부처,999,제한없음,"지원대상: 아동양육시설, 공동생활가정, 가정위탁 보호종료 5년 이내 아동 중 다음 사항을 모두 충족하는 경우 지원선정기준: 1. 한국토지주택공사(LH) 매입·전세임대주택 거주 중인 자 (계약 완료 후 2달 이내 거주 예정인 자 포함) 2. 재계약을 포함하여 계약 잔여기간이 최소 1년 이상인 자",제한없음,제한없음,제한없음,보호종료아동,-,제한없음,대상자 통합조사 및 심사 - 대상자 확정 - 이의 신청 접수,"(1) 선정·연장 기준- 수행기관은 입주신청자의 적격여부에 대해 다음 사항을 통해 심사_지원동기, 자립 여건, 기타(추천서, 보호기간 등)(2) 선정·연장 절차- 수행기관이 정해진 심사기준에 따라 (연장)신청일 기준 14일 이내 지원 대상자 선정하여 시도로 보고(특별한 사유가 있는 경우 최대 30일) - 시도에서 7일 이내 최종 결정 후 수행기관이 대상자에 결과 통보- 해당 지역 지원 가능 인원 마감 시까지 상시로 접수하며 해당 지역 마감 시 관계기관  홈페이지를 통해 공지",http://bokjiro.go.kr/welInfo/retrieveGvmtWelInfo.do?welInfSno=16492,-,-,보건복지부 아동권리과,각 지역 담당 수행기관,https://www.bokjiro.go.kr/ssis-teu/twataa/wlfareInfo/moveTWAT52011M.do,https://www.bokjiro.go.kr/ssis-teu/index.do
청년 사회적 주택(청년 사회주택 공급 활성화),R2022011001061,"LH의 매입임대주택을 운영기관(비영리단체, 협동조합, 사회적기업 등)이 청년층 에게 주변 시세 50퍼센트 수준으로 커뮤니티 활동 등의 다양한 주거서비스를 함께 제공하는 사업","주거·금융, 주거지원",- 사회임대주택청년층 에게 주변 시세 50퍼센트 수준으로 커뮤니티 활동 등의 다양한 주거서비스를 함께 제공,-,상시,-,중앙부처,39,만 19세 ~ 39세,"사회적주택 신청자는 입주자모집공고일 현재 무주택자인 미혼의 청년으로서 소득, 총자산, 자동차가액 기준을 충족하여야 함
청년 중 다음의  자격요건 중 어느하나에 해당하는 경우(생계의료주거급여 수급자 가구, 한부모 가족, 차상위계층 가구, 일반 1, 일반2)
※ 청년이란, 공고일 현재 주민등록등본 상 만 나이가 19세 이상~39세 이하인 사람으로 직장 재직 여부와 무관",제한없음,제한없음,제한없음,제한없음,,"기혼자, 외국인, 재외국민은 신청이 불가
신청자격은 입주자 모집공고일 부터 계약 시까지 유지해야 하며, 입주 자격검증 통과 후 주택 소유로 자격요건 상실 시 계약이 취소되거나 거절될 수 있음","- 주택개방 ( 홈페이지, 개별안내 )
- 신청접수 ( 현장 또는 우편접수)
- 자격심사 ( 홈페이지, 개별안내 )
- 입주자 발표 ( 홈페이지, 개별안내 )
- 계약체결 (개별방문)",-,https://www.myhome.go.kr/hws/portal/bbs/selectBoardNoticeDetailView.do?bbsId=BBST01&nttId=115,#NAME?,"ㅇ (입주자격검증결과) 입주자→ ** [운영기관→LH 서류 접수]
** 운영기관-LH 서류 접수한 일자로부터 최소 6주~8주 소요",국토교통부 주택개발단,"주거복지재단, 한국토지주택공사",http://hwf.or.kr/02_business/business06.php,https://www.myhome.go.kr/hws/portal/bbs/selectBoardNoticeDetailView.do?bbsId=BBST01&nttId=115
집주인 임대주택 사업,R2021021800112,"주택도시기금 지원, 세금감면 등 공공지원을 바탕으로 민간이 소유한 주택을 LH에 위탁임대하고, LH는 대학생, 독거노인 등에게 저렴(시세 85퍼센트 수준)하게 공급 및 운영","주거·금융, 주거지원","대학생, 독거노인 등에게 저렴(시세 85퍼센트 수준)하게 공급",-,상시,-,중앙부처,39,만 19세 ~ 39세,"입주자모집공고일(2021.02.04) 현재 무주택자 (공급대상주택에 전입신고할 세대원은 전원 무주택)- 1순위 (대학생,독거노인, 고령자 세대)- 2순위 (대학원생, 취업준비생, 사회초년생)- 대학생 계층인 입주자가 거주 중 사회초년생, 대학원생 또는 취업준비생 계층의 자격을 갖추는 경우에는 변경된 공급대상 계층으로 계약을 갱신 할 수 있음.",제한없음,제한없음,"취준생, 사회초년생",제한없음,-,"-방송대학·통신대학·방송통신대학 및 사이버대학 등 원격대학, 사내대학, 대학원, 대학원대학은 제외- 다음 학기에 입학 예정인 대학생으로 공급신청한 자가 입학 후 1개월 이내에 입학증명서 또는 등록금납부확인서를 제출하지 않을 경우에는 계약을 취소함-다음 학기에 복학 예정인 대학생으로 공급신청한 자가 복학 후 1개월 이내에 재학증명서를 제출하지 않을경우에는 계약을 취소함",- LH 청약센터(인터넷 https://apply.lh.or.kr) → 인터넷청약 → 청약신청(매입임대/전세임대)→ 집주인임대,-,http://nhuf.molit.go.kr/FP/FP06/FP0602/FP06020901.jsp,-,-,국토교통부 주택정비과,한국토지주택공사,https://apply.lh.or.kr/LH/index.html?Sls#SIL::CLCC_SIL_0030:1010203,https://apply.lh.or.kr/LH/index.html?Sls#MN::CLCC_MN_0010:
청년주택자금 대출이자 지원사업,R2021031101600,청년들이 가장 경제적 부담을 느끼고 있는 주택구입 및 임대자금 이자지원으로 청년의 주거안정 및 정주 여건 향상,"주거·금융, 주거지원",주택구입자금 및 전월세 보증금에 대한 대출이자 약 3퍼센트 지원( 주택구입자금: 연간 300만원 이내/ 전월세보증금: 연간 150만원 이내),2021.01.01.~2021.12.31.,2021. 1. ~ 예산 소진시까지,70명,충남 보령시,45,만 19세 ~ 45세,"신청일 보령시에 주민등록을 두고 있거나, 보령시 소재 주택구입자금 또는 전월세 보증금 대출 후 1개월 이내 전입 및 거주할 사람으로 무주택자 세대주면서 가구 중위소득 180퍼센트 이하인 자",제한없음,제한없음,제한없음,제한없음,#NAME?,"기초생활수급 주거급여 대상자 및 국가, 지자체 주거지원사업 수혜자",#NAME?,서류심사 후 대상자 선정,온라인 신청 사이트 구축 중,"신청서 및 등본, 가족관계증명서, 지방세 세목별 과세증명서, 건강보험납부확인서, 등기부등본, 매매계약서 및 전월세계약서 사본 등",-,기획감사실,해당없음,https://www.brcn.go.kr/kor/sub02_24_01.do,https://www.brcn.go.kr/
반려동물 친화형 청년주택(5호) 공급,R2021031100633,"서울주택도시공사에서 신축건물을 매입하여 서대문구에 맞춤형 임대주택으로 공급. 반려동물을 위한 특화설계,시공으로 반려동물을 키우는 청년 1인가구를 위한 맞춤형 공공임대주택","주거·금융, 주거지원","임대가격을 주변시세의 30~50퍼센트 수준의 임대주택 제공, 최장 만39세까지 거주 가능",2021.01.01.~2021.12.31.,입주자 모집공고에 따름,12명,서울 서대문구,37,만 19세 ~ 37세,1. 모집공고일 기준 서울시 거주2. 무주택 세대구성원3. 전년도 도시근로자 가구당 월평균소득 70퍼센트 이하,대졸 예정,제한없음,제한없음,제한없음,-,대학생,1. 서대문구청 홈페이지에 접속하여 신청서 및 증빙서류 양식 다운2. 구비 서류 양식 작성 및 증빙서류 구비3. 이메일 신청입주자 모집공고시 입주신청,입주자 모집공고에 따름(사업 수행 기관 심사 진행),-,"1. 신청서2. 등본,초본,가족관계증명서3. 개인정보수집동의서4. 금융정보제공동의서5. 자산보유사실확인서6. 입주지원서",-,서대문구청 사회복지과,-,http://www.sdm.go.kr,-
청년전용 버팀목전세자금,R2022011101081,전세자금이 부족한 청년들에게 연1.5프로~2.1프로의 금리로 전세자금 대출 정책,"주거·금융, 주거지원","1. 대출한도 : 7천만원 이하 (임차보증금의 80프로 이내)
2. 대출금리
- 2천만원 이하 : 연1.5프로
- 2천만원 초과 ~ 4천만원 이하 : 연 1.8프로
- 4천만원 초과 ~ 5천만원 이하 : 연 2.1프로",-,-,-,중앙부처,34,만 19세 ~ 34세,"아래의 요건을 모두 충족한 자

1. (계약) 주택임대차계약을 체결하고 임차보증금의 5% 이상을 지불한 자
2. (세대주) 대출접수일 현재 만 19세 이상 만 34세 이하의 세대주 (예비 세대주 포함)
3. (무주택) 세대주를 포함한 세대원 전원이 무주택인 자
4. (중복대출 금지) 주택도시기금 대출, 은행재원 전세자금 대출  및 주택담보 대출 미이용자
5. (소득) 대출신청인과 배우자의 합산 총소득이 5천만원 이하인 자 (단, 신혼가구, 혁신 이전 공공기관 종사자, 타 지역으로 이주하는 재개발 구역내 세입자, 다자녀 가구, 2자녀 가구인 경우 6천만원 이하 자)
6. (자산) 대출신청인 및 배우자의 합산 순자산 가액이 통계청에 발표하는 최근년도 가계금융복지사의 소득 5분위별 자산 및 부채현황 중 소득 3분위 전체가구 평균값이하인자 

* 그외 신용도 및 공공임대주택에 해당 여부 파악(자세한 사항은 사업관련 사이트1 참고를 통한 정보 확인)",제한없음,제한없음,제한없음,제한없음,"신청 시기 
1. 임대차계약서상 잔금지급일과 주민등록등본상 전입일 중 빠른 날로부터 3개월이내까지 신청
2. 계약갱신의 경우에는 계약갱신일(월세에서 전세로 전환 계약한 경우에는 전환일)로부터 3개월이내 신청","주택도시기금대출, 은행재원 전세자금대출 및 주택담보대출 미이용자의 경우 신청가능","1.  기금 e든든 사이트(enhuf.molit.go.kr) 및 은행 영업점에 방문하여 신청접수 
2. 전화상담이 필요한 경우 담당자한테 문의 
 - 대출 심사 관련한 상담 우리은행(1599-0800), 국민은행(1599-1771), 기업은행(1566-2566), NH은행(1588-2100), 신한은행(1599-8000)
 - 자산 심사 관련한 상담 주택도시보증공사 콜센터 1566-9009",-,https://enhuf.molit.go.kr,-,"이용기간(2년 4회 연장하여 최장 10년 가능)
1. 주택도시보증공사 전세금안심대출 보증서 : 최대 2년 1개월(4회 연장하여 최장 10년 5개월 가능)
2. 최장 10년 이용 후 연장시점 기준 미성년 1자녀당 2년 추가(최장 20년 이용 가능)",국토교통부 주택기금과,주택도시보증공사,http://nhuf.molit.go.kr/FP/FP05/FP0502/FP05020301.jsp,http://nhuf.molit.go.kr/
청년 행복 주거비,R2021031101657,청년의 안정적인 정착기반 마련을 위한 주거비 지원,"주거·금융, 주거지원",월 최대 29만원씩 최대 2년간 지급,2021.01.01.~2021.12.31.,연 4회 분기별 신청,100명,충남 서천군,39,만 18세 ~ 39세,"서천군 1년 이상 주민등록자, 가구 중위소득 180프로 이하인 자",제한없음,제한없음,제한없음,기타(전월세 거주자 또는 주택매매),공고문에 따름,"국민기초생활수급권자
국가나 지방자치단체등으로부터 청년 주거지원 참여자
주택소유 및 분양권 소지자
재산세 과세표준액 기준 소유재산 1억원 초과자","- 신청 홈페이지에 접속하여 신청서 및 증빙서류 등 양식 다운
- 구비 서류 양식 작성 및 증빙서류 구비
- 서천군청 방문접수","- 사업 수행 기관 심사 진행 (접수 수 2주 소요)
- 지원액 지급(선정 후 10일)",해당사항없음,"청년 행복 주거비 지원 신청서, 주민등록등본, 가족관계증명서, 지방세 세목별 과세증명서, 건강보험료 관련 서류","지원 불가
- 「국민기초생활보장법」제7조제1항제2호의 주거급여 수급자
- 중앙 정부 및 충청남도 주거지원 사업 참여자
- 그 외, 지원이 부적합하다고 판단되는 자
- 전세세입자의 경우 전세금 1억원 초과, 월세입자의 경우 임차보증금 5,000만원 초과 월세 60만원 초과일 경우",기획감사실,서천군,https://www.seocheon.go.kr/cop/bbs/BBSMSTR_000000000056/selectBoardArticle.do?nttId=B00000246530an2yZ4fa1ik3,https://www.seocheon.go.kr/
맞춤형 주거지원 플랫폼 구축 운영,R2021021803579,"청년·신혼부부를 위한 맞춤형 주거 및 금융지원, 정책홍보 등 양질의 주거복지 서비스 제공을 위한 온라인 시스템 구축","주거·금융, 주거지원",청년·신혼부부 등 주거정보 취약계층에게 맞춤형 검색과 기관·부서별로 분산된 각종 주거정보를 통합 제공,2021.01.~2021.10.,-,-,경남,999,제한없음,"청년,신혼부부 등 주거정보 취약계층",제한없음,제한없음,제한없음,제한없음,-,-,-,-,-,-,-,경남도청 도시교통국 건축주택과,해당없음,https://blog.naver.com/gnfeel/222292541801,https://www.gyeongnam.go.kr/index_home.jsp
청년쉐어하우스 운영,R2021031101921,주거 취약계층의 청년들을 위한 쉐어하우스 운영으로 청년주거 복지 향상 및 안정적 정착 유도,"주거·금융, 주거지원","월사용료 5만원, 쉐어하우스간 청년교류 활동 지원",2020.01.01.~2020.12.31.,수시(매월 공고를 통한 공실 및 결원 안내),"4개지역(봉동, 삼례, 이서, 고산)",전북 완주군,39,만 19세 ~ 39세,완주군에 정착희망하는 만 18세~39세 이하 청년(도시근로자 월 평균 가구소득 100퍼센트 이하),제한없음,제한없음,제한없음,제한없음,공과금 별도,해당없음,"- 홈페이지에 접속하여 신청서 등 양식 다운
- 구비 서류 양식 작성 및 증빙서류 구비
- 주무부서 방문접수 및 우편접수",해당사항 없음,http://www.wanju.go.kr,"신청서, 소득증명서",해당사항 없음,완주군청 사회적경제과,-,https://youth.wanju.go.kr/index.wanju?menuCd=DOM_000000103002000000,https://youth.wanju.go.kr/
역세권 청년주택 공급,R2022011001042,교통이 편리한 역세권의 체계적 개발을 통해 공공 및 민간임대주택을 공급함으로써 2030 청년세대의 주거안정 도모,"주거·금융, 주거지원","가용지가 부족한 도심에서 교통이 편리한 역세권의 민간소유 토지에 민간이 주도하고 공공이 행정지원하여 청년에게 저렴하고 쾌적한 주택 공급
주변 시세의 30~95퍼센트 가격으로 공급 : 청년들이 부담 가능한 수준으로 입주할 수 있도록 임대보증금의 50퍼센트, 최대 4,500만원(무이자)까지 지원
 - 역세권 청년주택에는 청년들의 활동을 응원하기 위한 다양한 커뮤니티 시설을 설치하며, 살면서 일자리도 구하고 놀 수 있는 청춘플랫폼 구축
보증금 지원
지원대상 : 공공지원민감임대주택(특별/일반공급) 입주 예정자
지원내용 : 
 - 보증금 1억원 초과할 경우 보증금의 30퍼센트 지원
 - 보증금 1억원 이하의 경우 보증금의 50퍼센트 지원
지원한도 : 청년 4,500만원 신혼부부 6,000만원",2016.07.~2022.12.,개별 공고 참고,"15,000실",서울,39,만 19세 ~ 39세,"- 대학생, 청년(만19세~39세), 신혼부부(혼인합산 7년 이내) 중 차량 미운행자(차량 미소유자 포함), 사업대상 지역 거주민에 우선공급(선순위 부여)
 - 장애인 또는 만 65세 이상 고령자, 임산부 또는 영유아(만 6세 미만) 포함한 세대는 주차장 우선제공",제한없음,제한없음,제한없음,제한없음,"소득기준
공공임대주택/공공지원 민간임대주택(특별공급)
1순위 : 100프로 이하
2순위 : 110프로 이하
3순위 : 120프로 이하

자산기준(총 자산가액 기준)
공공임대주택 
 - 대학생 : 7,200만원 이하
 - 청년 : 25,400만원 이하
 - 신혼 : 29,200만원 이하
공공지원 민간임대주택(특별공급)
 - 청년 : 25,400만원 이하
 - 신혼 : 29,200만원 이하
 *일반공급은 별도 기준 없음",개별 공고 참조,"공공임대 : sh서울주택도시공사 인터넷 청약시스템
민간임대 : 각 민간사업자 홈페이지 통해 청약
입주자모집공고 - 청약신청 접수 - 서류심사 대상자 발표 - 대상자 서류제출 소득 및 자산조회 - 소득자산 소명",개별 공고 참조,http://youth2030.co.kr/user/board/mn010203.do,개별 공고 참조,,서울시청 주택공급과,주관기관과 동일,http://housing.seoul.go.kr,http://youth2030.co.kr
청년 농촌보금자리 조성사업,R2021021803316,"귀농,귀촌 청년들의 안정적·장기적 정착을 위한 저렴한 임대료의 주거단지 지원","주거·금융, 주거지원",- 선정지역 2년간 각 80억 2500만원 지원- 단지별로 30가구 안팎의 공동임대주택 조성- 육아 나눔활동을 위한 공동보육시설과 문화여가체육 활동이 가능한 커뮤니티 시설 조성,2019.01.01.~2021.12.31.,-,-,경북,40,만 40세 이하,만 40세 미만 귀농귀촌 청년 및 신혼부부 또는 가구주 연령이 만 40세 미만이면서 1명 이상의 자려를 양육중인 가정,제한없음,제한없음,제한없음,농업인,-,-,-,-,-,-,-,경상북도,주관기관과 동일,-,-
행복기숙사(사립),R2021021800091,대학생 주거부담 및 주거비 경감을 위하여 월 24만원 이하의 질 좋고 저렴한 행복기숙사 건립ㆍ제공하는 사업,"주거·금융, 주거지원",월 기숙사비 24만원 내외(학교별로 상이함)사회적배려자에게 우선입주기회 부여 및 기숙사비 지원제도(일부) ※ 학교별 비율이 상이함,매년,1학기: 21년 2월 초까지 신청2학기: 21년 8월 초까지 신청※ 학교별 신청기간 상이하니 홈페이지 참고,"33개교 행복기숙사(사립) 운영 중(21학년도 1학기 기준), 학교마다 인원 수 상이함",중앙부처,999,만 19세 ~ 999세,해당 대학에 입학 예정이거나 재학 중인 대학생,해당 대학에 입학 예정이거나 재학 중인 대학(원)생(외국인 포함),제한없음,제한없음,대학생,"(1)융자 및 심사 배제 사항- 건축계약 체결 및 착공사업- 한국사학진흥재단 신용등급 7등급 이하교(사업신청공고일 기준)- 융자지원 필수조건 미준수 사업- 심사위원회의 심사점수 80점 미만인 사업(가점 및 감점 사항 포함)- 교육부 선정 대학기본역량진단 재정지원 제한대학 2유형 해당교- 당해연도 재학생 충원률 70프로 미만교- 수도권으로 이전되는 캠퍼스 내 건립하는 기숙사 사업 *교육부로부터 14년 12월까지 이전계획을 승인받은 사업에 한해 지원가능- 재단법령 및 규정에서 정한 융자 배제 대상교 및 사업- 심사위원회에서 배제할 것을 결정한 사업- 심사에 필요한 재정자료 미제출교- 심사일로부터 최근 2년 이내 학교의 장이나 학교법인의 임원이 당해 학교나 학교법인 직무와 관련하여 부정, 비리 관련 형사처벌 및 감사행정처분이 확정된 학교 *형사처벌은 금고형 이상, 감사처분은 중징계 이상, 행정처분은 고등교육법시행령 제71조의1에 따른 2차 위반 처분을 받은 경우에 한함(2)융자제한 사항- 심사위원회에서 제안할 것을 결정한 사업- 한국사학진흥재단 신용등급 6등급 이하 대학은 심사위원회의 심의를 거쳐 사업지원여부 결정- 건축적립금 과다교의 경우 융자제한(건축적립금 활용 유도)(3)가산점 및 감점- 최근 2년간 배정 포기교 감점부여(20점)(감점부여는 1회로 한정)- 교육부 선정 대학기본역량진단 재정지원제한대학 1유형 해당교 감점 부여(5점)",전염성 질환자 및 보균자장기 휴학생입사일 기준 1년 내 입실 제한조치(강제퇴사)를 받은 자기타 행복기숙사 운영위원회에서 부적당하다고 인정하는 자※ 부적정 사유자 - 성범죄 경력이 있는 자 등,해당 학교 홈페이지 생활관 홈페이지 내에서 신청,1학기: 21년 2월 내 심사2학기: 21년 8월 내 심사※ 학교별 심사 및 발표일정 상이하니 홈페이지 참고,-,공통: 친권자(부모)의 주민등록등본(3개월 이내 발행)행복기숙사 입사신청서개인정보활용동의서재학증명서신분증기숙사 입사용 건강진단서해당자 : 사회적배려자 증빙가능한 서류※ 학교별 필요서류가 상이할 수 있음,"행복기숙사(사립) 운영 중인 기숙사: 강릉영동대 행복기숙사(사립), 경동대(문막) 행복기숙사(사립), 경동대(양주) 행복기숙사(사립), 경희대 행복기숙사(사립), 고신대 행복기숙사(사립), 광운대 행복기숙사(사립), 나사렛대 행복기숙사(사립), 단국대(죽전) 행복기숙사(사립), 단국대(천안) 행복기숙사(사립), 대경대 행복기숙사(사립), 대구한의대 행복기숙사(사립), 동의대 행복기숙사(사립), 상명대 행복기숙사(사립), 서영대 행복기숙사(사립), 성공회대 행복기숙사(사립), 세종대 행복기숙사(사립), 송원대 행복기숙사(사립), 수성대 행복기숙사(사립), 신한대 행복기숙사(사립),영남이공대 행복기숙사(사립), 원광보건대 행복기숙사(사립), 인천재능대 행복기숙사(사립), 전주비전대 행복기숙사(사립), 제주관광대 행복기숙사(사립), 충북보건과학대 행복기숙사(사립), 한국국제대 행복기숙사(사립), 한동대 행복기숙사(사립), 한성대 행복기숙사(사립), 한양대 행복기숙사(사립), 한양대(에리카) 행복기숙사(사립)",교육부 교육시설과,한국사학진흥재단,https://www.happydorm.or.kr/hub/20/2010.kmc,https://www.happydorm.or.kr/hub/00/0000.kmc
이웃사촌시범마을 청년주거공간조성,R2021021803315,저출산과 지방소멸위기 극복을 위해 이웃사촌 시범마을 내 임대형 공동주택 건립,"주거·금융, 주거지원","이웃사촌 시범마을 내 임대형 공동주택 건립- 하드웨어 사업과 연계하여 지역주민과 함께하는 주차, 식당, 간판 문화개선과 우리마을 골목정원 가꾸기- 청년일자리 사업, 보금자리 조성",2021.01.01.~2023.12.31.,-,-,경북,999,제한없음,의성 서부권역에 정착하려는 청년,제한없음,제한없음,제한없음,제한없음,-,-,-,-,-,-,-,경상북도,주관기관과 동일,-,-
"남도학숙, 전남학숙 운영",R2021021803048,"보호자의 주민등록이 광주 또는 전남에 있는 서울, 인천, 경기 소재 대학생을 위한 학숙 운영","주거·금융, 주거지원","남도학숙(월 16만원 학숙이용), 전남학숙(월 11만원 학숙이용)",2021.01.01.~2021.12.31.,2021.01~2021.12.(정기모집 및 상시 접수),-,전남,999,제한없음,남도학숙 : 공고일 현재 보호자가 광주광역시 또는 전라남도에 주민등록을 두어야함전남학숙 : 공고일 현재 보호자 또는 본인이 전라남도에 주민등록을 두어야함,대학 재학 대졸 예정 대학 졸업 석·박사,제한없음,제한없음,제한없음,-,"퇴학, 휴학, 정학 처분을 받고 그 처분이 종료되지 않은 학생 (단, 휴학생 중 1학기 등록 예정자는 입사 가능)",남도학숙(보호자의 주민등록지가 전라남도인 학생 : 해당 시군청 담당실과)전남학숙(보호자 또는 본인 주민등록지가 전라남도인 학생),구비서류 검토 후 학숙 홈페이지 선발 발표,https://brand.jeonnam.go.kr/contentsView.do?menuId=brand0401000000&tab=2&no=0,"입사원서, 보호자(본인) 주민등록등본, 가족관계증명서, 성적증명서, 재학증명서 등",해당사항 없음,전라남도청 희망인재육성과,"(재)남도장학회, (재)전남인재평생교육진흥원",https://brand.jeonnam.go.kr/contentsView.do?menuId=brand0401000000&tab=2&no=0,https://brand.jeonnam.go.kr/
마을정비형 공공주택사업(청년주거임대주택),R2021031101973,"갈수록 악화되는 청년들에게 주거 안정을 위한 임대주택을 제공하여, 삶의 질을 향상시키기 위한 사업","주거·금융, 주거지원",청년들의 주거 안정을 위한 행복주택 40호 제공,2020.01.01.~2020.12.31.,2022년 이후,-,중앙부처,39,만 19세 ~ 39세,전년도 도시근로자 월푱균 소득의 100프로 이하,제한없음,제한없음,제한없음,제한없음,해당 없음,해당 없음,1. 신청 홈페이지에 접속하여 신청서 및 증빙서류 양식 다운2. 구비 서류 양식 작성 및 증빙서류 구비3. 홈페이지 신청,해당사항 없음,http://www.lh.or.kr,해당사항 없음,해당사항 없음,민원과 (주거복지팀),한국토지주택공사(LH),-,http://www.lh.or.kr
사회주택 도입을 통해 신진예술가 주거공간 마련,R2022012001290,사회주택을 공급하여 정주ㆍ창업ㆍ창작 공간의 예술활동 거점 마련을 지원하는 정책,"주거·금융, 주거지원","- (지원내용) 저렴한 임대료로 주택 입주 
- (전달체계) 사회주택 입주를 통해 수혜",연중,2022년 계속사업,-,중앙부처,999,제한없음,청년예술인,제한없음,청년예술인,청년예술인,청년예술인,-,-,-,-,-,-,-,행정중심복합도시건설청 도시공간건축과,주관기관과 동일,-,https://www.naacc.go.kr/
맞춤형 공공원룸주택 도전숙 지원,R2021031100553,"청년 창업인들의 자립기반과 창업 생태계 조성을 위하여 서울주택도시공사, 서울지방중소벤처기업청과 함께 2019년 3월 개소한 맞춤형 공공임대주택 도전숙의 공동체 공간에서 커뮤니티 활동 및 맞춤형 창업 역량 강화 교육 지원","주거·금융, 주거지원",창업공간 제공,2021.01.01.~2021.12.31.,연중(공실 발생시),16명,서울 광진구,39,만 19세 ~ 39세,1. 서울시 거주 무주택 1인 청년(예비)창조기업인2. 전년도 도시근로자 가구당 월평균 소득의 105프로 이하인 자3. 영구임대주택 자산기준을 초과하지 않는 자,제한없음,제한없음,창업자,제한없음,-,-,신청 홈페이지 접속하여 신청서류 양식 작성 및 증빙서류 구비방문 또는 온라인 제출,소득심사 및 사업계획서 등 서류심사 결과에 따라 입주대상자 선정 후 광진구청 및 서울주택도시공사 홈페이지 발표(수시),httpwww.gwangjin.go.kr,기본 서류① 입주신청서 1부 ② 사업계획서 1부 ③ 쾌적한 주거환경 유지 이행각서 1부④ 신용정보 제공동의서 1부 ⑤ 금융정보 제공동의서 1부⑥ 건강보험자격득실확인서 1부 ⑦ 각종 지적재산권 확인서 1부(해당자에 한함)⑧ 주민등록초본 1부 ⑨ 가족관계증명서 1부 ⑩ 주민등록등본 1부추가 서류(1인 창조기업)① 사업자등록증 1부 ② 국민연금사업장가입자명부 1부(해당자에 한함),-,복지국 아동청년과,주관기관과 동일,http://www.i-sh.co.kr/main/index.do,http://soco.seoul.go.kr/coHouse/index.do?Flag=C
청년 쉐어하우스 조성 운영,R2021031101662,쉐어하우스 지원을 통해 청년층 유입을 위한 상호교류 및 지역에 안정적인 정착 도모,"주거·금융, 주거지원",쉐어하우스(주거) 제공,2019년 ~ 계속,상시 접수 중,"9(남4, 여5)",충남 청양군,45,만 18세 ~ 45세,"청양에 주소를 둔 청년, 무주택자",제한없음,제한없음,제한없음,제한없음,-,"대학생, 공공 임대주택 거주자",#NAME?,서류검사 이후 면접 진행,없음,"초본 및 등본, 과세증명확인서",-,미래전략과,-,http://www.cheongyang.go.kr//cop/bbs/BBSMSTR_000000000037/selectBoardArticle.do?nttId=158773,http://www.cheongyang.go.kr/
청년 주거급여 분리지급,R2021021800142,"주거급여 수급가구내 20대 미혼자녀가 취학, 구직 등을 목적으로 부모와 따로 거주하는 경우 부모에게 지급되는 주거급여와는 별도의 주거급여 지급","주거·금융, 주거지원",기준임대료 한도 내에서 임차급여 지급,-,상시,-,중앙부처,30,만 19세 ~ 30세,소득인정액이 중위소득 45퍼센트 이하인 가구내 20대 미혼자녀,제한없음,제한없음,제한없음,제한없음,-,"사용대차가구, 보장시설 거주가구 내 자녀","신청주체 : 수급권자 가구의 가구원 및 그 친척, 기타 관계인이 신청가능 
신청장소 : 주민등록 주소지 읍면동 주민센터 방문접수 또는 <복지로> 인터넷 접수",-,https://online.bokjiro.go.kr/apl/appl/selectServChoise.do?srvId=SVC00000029,"사회보장급여 제공 (변경) 신청서 (동주민센터 비치)
청년주거급여 분리지급 신청서
소득 및 재산 신고서 (동주민센터 비치)
금융정보 등 제공동의서 (동주민센터비치)
임대차(전대차) 계약서
통장사본 및 신분 증","대리 신청 시 위임장, 수급(권)자의 신분증 사본 및 대리인 신분증 지참",국토교통부 주거복지정책과,LH 주거급여 콜센터,https://www.bokjiro.go.kr/ssis-teu/twatva/wlfareCust/selectWlfareCustSubMain.do,https://www.bokjiro.go.kr/ssis-teu/index.do
행복주택 건립,R2021021803486,"사회초년생, 신혼부부 등 청년층의 안정된 주거환경 조성을 위해 저렴한 공공임대주택인 행복주택 공급","주거·금융, 주거지원",임대조건 보증금+임대료(공급대상자별 시중시세의 60~80퍼센트),2020.01.01.~2024.12.31.,수시,공급규모 696세대,울산,39,만 19세 ~ 39세,"입주자 자격요건이 모집 계층(대학생, 청년, 신혼부부 계층)별로 달라 홈페이지 확인",제한없음,제한없음,제한없음,제한없음,"임대주택 입주자 모집공고문 확인 필요(소득기준, 주택유형, 거주기간 확인요함)",입주자 자격조건에 해당하지 않는자,#NAME?,"- 사업주체의 홈페이지, ARS(1661-7700)을 통해 당첨자 명단 발표- 모집호수의 일정비율을 예비입주자로 선정",https://www.apply.lh.or.kr/LH/index.html,입주자 자역요건이 모집 계층별로 다름,입주자 모집공고 추가 확인,도시창조국 건축주택과,-,"https://www.apply.lh.or.kr/LH/index.html,https://www.myhome.go.kr",-
전입대학생 생활관비 지원,R2021021803938,전입대학생 생활관비 지원,"주거·금융, 주거지원",최대 4학기. 학기별 30만원 이내,2021.01.01.~2021.12.31.,2021.01.01.~2021.12.31.,500명,경남 거창군,999,제한없음,다른 시군구에 2년 이상 주민등록을 두고 있다가 군내로 전입하는 관내 대학 생활관 입사생,제한없음,제한없음,제한없음,제한없음,-,-,#NAME?,"- 읍면사무소, 군(인구교육과) 조회, 검토, 신청 익월 10일경 지급",방문접수,"인구증가시책 지원신청서, 주민등록초본(최근 2년이상 이력 포함), 통장 사본, 재학증명서, 건강보험증 추가발급 신청서",-,거창군청 행정복지국 인구교육과(인구정책담당),해당없음,https://www.geochang.go.kr/portal/Index.do?c=WW0913000000,http://www.geochang.go.kr
신혼부부 주택 매입·전세자금 대출이자 지원사업,R2021021803524,신혼부부에 대한 주택 마련 부담을 완화하여 울주군 인구유입을 촉진하고 결혼 및 출산을 장려하는 사회적 분위기를 조성하고자 함,"주거·금융, 주거지원",주택자금 대출이자의 2퍼센트를 4년간 지원(대출금액 2억원 한도),2021.01.01.~2021.12.31.,2021.01.04.~2021.12.31.(대출 실행 전 14일 전까지 접수),400가구(기존 200가구 + 신규 200가구),울산 울주군,999,제한없음,"신청일 기준 혼인신고일이 1년 이내 또는 3개월 이내 혼인신고 예정인 신혼부부울주군에 주거지 마련하여 입주 예정인 신혼부부부부 모두 무주택자이며, 부부합산 연 소득 1억원 이하",제한없음,제한없음,제한없음,제한없음,"지원기간 동안- 본인, 배우자 울주군 주소지 유지- 본인, 배우자 무주택 유지","기초 생계,주거급여 대상자- 울주군 신혼부부 주거비용 지원사업 대상자- 공공임대주택 거주자",#NAME?,#NAME?,-,"주민등록등본, 혼인관계증명서, 건강보험 자격득실확인서, 근로소득원천징수영수증 또는 소득금액증명원,지방세 세목별 과세증명서, 기타 대출이자 지원 대상자 선정에 필요한 서류(필요시)","지원 불가 항목- 기초 생계주거급여 대상자- 공공임대주택(국민임대주택, 영구임대주택, 행복주택 등)거주자- 그 밖에 군수가 정하는 기준에 해당되지 않는 경우  · 신혼부부 주거비용 지원사업과 중복지원 불가(택1)  · 본 사업으로 대출실행까지 마친 가구는 추가 신청할 수 없음   예) 전세자금 대출이자를 지원받은 경우 매입자금 대출이자 지원을 받을 수 없음",울주군 여성가족과,주관기관과 동일,https://www.ulju.ulsan.kr/ulju/ulju_news01/691,https://www.ulju.ulsan.kr/ulju/
주거급여(맞춤형 급여),R2021021800114,주거안정과 주거생활 향상을 위하여 일정 소득 이하 국민에게 주거급여를 지원,"주거·금융, 주거지원","임차가구는 전월세비용을 지원, 자가가구는 낡은 집을 수선,  임차가구 : 지역 및 가족 수에 따라 산정한 기준임대료를 상한으로 실제임차료(월임차료+보증금 환산액(연 4프로 적용)을 지원자가가구의 경우에는 주택의 노후도에 따라 도배, 난방, 지붕 등 종합적인 수리 지원",-,상시,-,중앙부처,999,제한없음,지원소득인정액 기준은 중위소득의 45프로 이하,제한없음,제한없음,제한없음,제한없음,-,긴급복지 연료비 및 전기요금 생계급여(맞춤형 급여) 긴급복지 생계지원 긴급복지 교육지원 긴급복지 주거지원 긴급복지 사회복지시설 이용 지원 긴급복지 해산비 지원 긴급복지 장제비 지원,"읍/면/동 주민센터에 방문하여 신청, 서비스 신청시, 가족의 금융정보 제공동의가 온라인신청(online.bokjiro.go.kr)으로도 가능",-,https://bokjiro.go.kr/ssis-teu/twoaa/aplySrvChc/selectServChs.do,해당홈페이지 확인,-,국토교통부 주거복지정책과,"주거복지재단, 한국토지주택공사",https://bokjiro.go.kr/ssis-teu/twataa/wlfareInfo/moveTWAT52011M.do,https://bokjiro.go.kr/ssis-teu/index.do
청년 농촌 보금자리 조성사업,R2021031101556,귀농·귀촌 청년층의 주거부담 완화를 통해 청년 유입 촉진 정책,"주거·금융, 주거지원",서천군 관내 시설의 70프로수준 임대료 책정,2019.04.~2021.12.,임대공고 시 참조,약70명,충남,40,만 40세 이하,전년도 도시근로자 가구원수별 가구당 월평균소득의 70프로 이하,제한없음,제한없음,제한없음,40세미만 귀농·귀촌 청년 또는 신혼부부,"무주택자, 국민임대주택의 소득을 만족하는자",참여 요건에 해당하지 않는 자,임대공고 시 참조,임대공고 시 참조,https://www.seocheon.go.kr/,임대공고 시 참조,-,농림축산국 농촌활력과,서천군청,http://www.seocheon.go.kr/welfare/sub08_03_02.do,-
청년우대형 청약통장,R2021021800115,저소득 무주택 청년의 주택구매 및 임차자금 마련 지원을 위해 재형 기능을 강화한 청약통장 도입,"주거·금융, 주거지원","- 납입원금 5,000만원 한도 내(단, 전환신규한 경우 전환원금은 제외)에서 신규가입일로부터 2년 이상인 경우(단, 청약당첨으로 인한 해지인 경우에는 2년 미경과라도 적용) 가입일로부터 10년 이내에서 무주택인 기간에 한하여 기존「주택청약종합저축」 이율에 우대이율(1.5퍼센트포인트)을 더한 이율을 적용 
단, 가입 당시 주택을 소유하고 있었던 경우에는 가입기간 전체에 대하여 주택을 소유하고 있었던 것으로 보며, 가입기간 중 주택을 취득한 경우 가입일부터 주택 취득일이 속한 연도의 직전년도 말일까지를 무주택 기간으로 봄",-,2018.07.31~2021.12.31,-,중앙부처,34,만 19세 ~ 34세,"만 19세 이상 ∼ 만 34세 이하
- (병역증명서에 의한 병역 이행기간이 증명되는 경우) 현재 연령에서 병역 이행 기간(최대 6년)을 빼고 계산한 연령이 만 34세 이하인 사람 포함)
- 직전년도 신고소득이 있는 자로 연소득 3천만 원 이하 (근로. 사업. 기타소득자에 한함)
- (근로기간 1년 미만으로 직전년도 신고소득이 없는 근로소득자에 한해 당해 급여명세표 등으로 연소득 환산 후 가입 가능)
- 이자소득 비과세 대상 소득기준은 일부 상이
- 무주택 세대주 외(구체적인 사항은 홈페이지 확인)",제한없음,제한없음,"신고소득이 3,000만 원 이하인 청년","저소득, 무주택 청년","- 매월 약정납입일(신규가입일 또는 전환신규일)에 2만원이상 50만원이하의 금액을 10원 단위로 자유롭게 납입
  (단, 입금하려는 금액과 납입누계액의 합이 1,500만원 이하인 경우 50만원을 초과하여 입금 가능)
- 전환신규한 경우 전환원금이 1,500만원 이상인 경우에는 다음 회차부터는 매월 50만원을 초과하여 입금 불가",제한없음,"- 주택도시기금 수탁은행 ( 우리, 국민, 신한, 농협, 기업, 하나, 대구, 부산, 경남은행)에서 신청가능
- 온라인 신청 불가능",신청한 은행에서 별도 안내,"주택도시기금 수탁은행 ( 우리, 국민, 신한, 농협, 기업, 하나, 대구, 부산, 경남은행) 방문신청","소득증빙: 소득확인증명서(청년우대형 주택청약종합저축 가입 및 과세특례 신청용)
병적증명서:해당하는자
각서(양식제공)
(비과세신청시) 비과세 신청자용 각서 및 정보제공 동의서(양식제공)","※ 변동금리로서 정부 고시에 의하여 변경될 수 있으며, 이율이 변경되는 경우 변경일기준으로 기존 가입고객 포함하여 변경 후 이자율 적용",국토교통부 주택기금과,주택도시보증공사 기금기획실,https://www.gov.kr/portal/service/serviceInfo/161300000088,https://www.gov.kr/portal/main
청년 주택자금 대출이자 지원사업,R2021021803118,청년부채의 높은 비중을 차지하는 주거비용 경감을 통한 주거안정,"주거·금융, 주거지원","구입 : 대출금 1억 이내, 연최대 300만원(최장 5년)전세 : 대출금 6,600만원 이내, 연최대 200만원(최장4년)",연중,잔금일 기준 3~4주 전,600명,전남 광양시,39,만 19세 ~ 39세,광양시 거주(예정) 무주택 청년,제한없음,제한없음,"재직자, 자영업자, 미취업자",제한없음,각 구분에 따른 연소득 기준 충족,"주거급여 대상자, 주택(건물)소유자, 기타 유사한 사업의 수혜자",주택계약 - 시청 방문접수 - 추천서 발급 - 은행 대출신청,"1차 자격요건 확인 : 연령, 소득기준 등2차 주거급여 대상자 여부 확인추천서 발급(개별통보)",해당 없음,"신청서, 개인정보제공동의서, 지원신청자 의무사항, 신청자격 자가진단 및 필수사항 확인·동의서, 주민등록등본, 가족관계증명서, 미과세증명서, 등기부등본 등",해당사항 없음,광양시청 전략정책실,-,https://www.gwangyang.go.kr/index.gwangyang?menuCd=DOM_000000105004012005,https://www.gwangyang.go.kr/
역세권 청년주택 공급,R2021031100472,교통이 편리한 역세권의 체계적 개발을 통해 공공 및 민간임대주택을 공급함으로써 2030 청년세대의 주거안정 도모,"주거·금융, 주거지원","가용지가 부족한 도심에서 교통이 편리한 역세권의 민간소유 토지에 민간이 주도하고 공공이 행정지원하여 청년에게 저렴하고 쾌적한 주택 공급
주변 시세의 30~95퍼센트 가격으로 공급 : 청년들이 부담 가능한 수준으로 입주할 수 있도록 임대보증금의 50퍼센트, 최대 4,500만원(무이자)까지 지원
 - 역세권 청년주택에는 청년들의 활동을 응원하기 위한 다양한 커뮤니티 시설을 설치하며, 살면서 일자리도 구하고 놀 수 있는 청춘플랫폼 구축
보증금 지원
지원대상 : 공공지원민감임대주택(특별/일반공급) 입주 예정자
지원내용 : 
 - 보증금 1억원 초과할 경우 보증금의 30퍼센트 지원
 - 보증금 1억원 이하의 경우 보증금의 50퍼센트 지원
지원한도 : 청년 4,500만원 신혼부부 6,000만원",2016.07.~2022.12.,개별 공고 참조,"15,000실",서울,39,만 19세 ~ 39세,"- 대학생, 청년(만19세~39세), 신혼부부(혼인합산 7년 이내) 중 차량 미운행자(차량 미소유자 포함), 사업대상 지역 거주민에 우선공급(선순위 부여)
 - 장애인 또는 만 65세 이상 고령자, 임산부 또는 영유아(만 6세 미만) 포함한 세대는 주차장 우선제공",제한없음,제한없음,제한없음,제한없음,"소득기준
공공임대주택/공공지원 민간임대주택(특별공급)
1순위 : 100프로 이하
2순위 : 110프로 이하
3순위 : 120프로 이하

자산기준(총 자산가액 기준)
공공임대주택 
 - 대학생 : 7,200만원 이하
 - 청년 : 25,400만원 이하
 - 신혼 : 29,200만원 이하
공공지원 민간임대주택(특별공급)
 - 청년 : 25,400만원 이하
 - 신혼 : 29,200만원 이하

 *일반공급은 별도 기준 없음",개별 공고 참조,"공공임대 : sh서울주택도시공사 인터넷 청약시스템
민간임대 : 각 민간사업자 홈페이지 통해 청약
입주자모집공고 - 청약신청 접수 - 서류심사 대상자 발표 - 대상자 서류제출 소득 및 자산조회 - 소득자산 소명",개별 공고 참조,http://youth2030.co.kr/user/board/mn010203.do,개별 공고 참조,-,서울시청 주택공급과,주관기관과 동일,http://housing.seoul.go.kr,http://youth2030.co.kr
전입대학생 지원,R2021021803869,남해군 인구증가 시책의 일환으로 경남도립 남해대학 기숙사 이용 학생에게 기숙사비 지원을 통해 지역경제 활성화와 남해군 인구증대 도모,"주거·금융, 주거지원",기숙사 입주 : 기숙사비 월 60만원(학기당 30만원)기숙사 외 거주 : 10만원 상당의 남해화폐 지급(재학중 1회),연중,매학기마다,290명,경남 남해군,999,제한없음,"전입신고 일자 기준 3개월 이전부터 다른 시,군,구에 주민등록을 두고 있다가 군에 전입신고한 자대학교에 재학하는 학생으로 3개월 이상 경과한 학생",대학 재학,제한없음,제한없음,제한없음,-,중도 퇴사자/학기내 주민등록 전출자,"주민등록상 주소지 읍, 면사무소 방문신청",청년혁신과 검토 및 대학교 기숙사 확인 회신여부 조건부합시 기숙사비 지원,-,"신청서 및 재학증명서,가족관계증명서","입대, 휴학, 자퇴의 이유로 퇴사하는 경우는 예외 지급 가능",남해군청 청년혁신과 남해정착지원팀,주관기과과 동일,https://www.namhae.go.kr/support/Index.do?c=SP0201000000,https://www.namhae.go.kr/
청년주거독립실험실,R2021031101345,"독립자금에 대한 부담, 지속적인 구직실패로 부모에게 의지하고 은둔하는 등 주체적인 사회구성원으로서의 성장이 지연된 청년들에게 스스로 사회에 적응하고 자립할 수 있도록 생활기술 전수 등 주거독립의 경험 제공","주거·금융, 주거지원","셰어하우스 제공, 자립프로그램 교육",2021.01.~2021.12.,공고 시,10명,광주,39,만 18세 ~ 39세,-,제한없음,제한없음,미취업자,중소기업,-,-,"신청 홈페이지에 접속하여 신청서 및 증빙서류, 구직활동계획서 양식 다운 - 구비 서류 양식 작성 및 증빙서류 구비 - 홈페이지 신청",-,http://www.gwangsan.go.kr,"참여신청서 및 개인정보이용, 행정정보공동이용신청서",청년활력프로젝트 세부사업,광주광역시 광산구청 일자리정책과 청년활력팀,주관 기관과 동일,https://blog.naver.com/gwangsan242,-
셰어하우스운영,R2021031101639,#NAME?,"주거·금융, 주거지원","- 관외 창업청년 창업가 거주지 지원(무주택자)- 쉐어하우스 10개실 29명에게 집기비품, 시설유지비 제공",2021.01.01~2021.12.31,결원시 모집,24명,충남 당진시,39,만 19세 ~ 39세,만 39세 이하의 예비 및 7년 이내 청년창업가,제한없음,제한없음,제한없음,제한없음,-,정부사업참여등 중복수혜자 관내 거주청년,타운 방문 또는 홈페이지 참고,"기관심사진행, 타운방문 또는 홈페이지 다음날 홈페이지 결과발표",https://www.dangjin.go.kr/narae.do,"입주신청서,개인정보수집이용동의서,건강진단서,초본,주택미과세증명서",-,문화복지국 평생학습과,당진시 평생학습과,https://www.dangjin.go.kr/narae.do,-
중소기업 장기근속자 주택우선공급,R2021081800441,"중소기업 근로자로서 중소기업에 5년 이상 근무하거나 동일한 중소기업에 3년 이상 근무한 경력을 가진 무주택 세대구성원에게 국민주택 등을 우선적으로 공급하여, 주거생활을 안정화하고 중소기업으로 인력유입 촉진","주거·금융, 주거지원",중소기업 장기근속자에게 주택 우선공급,연중,연중,700호 내외 (주택건설업체의 공급물량에 따라 변동 가능),중앙부처,999,제한없음,"중소기업에 재직중인 근로자로서 중소기업에 5년 이상 근무하거나 동일한 중소기업에 3년 이상 근무한 경력을 가지고 있는 무주택 세대구성원
? 과거 근무경력을 포함하여 중소기업 재직기간이 5년 이상(동일한 중소기업에 3년이상)이어야 하며, 4대보험 가입내역서 등으로 입증해야 함
? 공고한 날을 기준으로 무주택이어야 하며, 주택 보유사실 은폐?서류 위조 등의 경우 선정 및 계약 취소됨",제한없음,제한없음,중소기업 재직자,제한없음,-,"중소기업 인력지원 특별법 시행령? 제2조에 따른 부동산업, 일반유흥주점업, 무도 유흥주점업, 기타 주점업, 기타 겜블링 및 베팅업, 무도장 운영업",추천 대상자 모집공고(지방중기청) → 추천신청(근로자) → 평가 및 추천대상자 선정(지방중기청) → 청약신청(근로자) → 입주자격조사 및 당첨자 발표(사업주체),연중,"방문, 우편, 온라인(http://sanhakin.mss.go.kr)신청",산학인사이트(https://www.smes.go.kr/sanhakin/) 주택특별공급 공고 참조,지방중소벤처기업청 홈페이지 참조,중소벤처기업부 일자리정책과,중소벤처기업부 일자리정책과,https://www.mss.go.kr/site/smba/supportPolicy/supportPolicyDetailDiv.do?searchSeq=ST_000000001081632&cmm_code=BB020400,https://www.mss.go.kr/site/smba/main.do
대학생 임대주택,R2021031100629,저렴한 임대료로 기숙사를 제공함으로써 관내 저소득층 대학생들의 경제적 부담 해소에 기여,"주거·금융, 주거지원","보증금 100만원, 월 임대료 5만~10만원 임대주택 지원",2021.01.01.~2021.12.31.,"상,하반기 1회 모집 및 필요시 추가 모집",60명,서울 서대문구,999,제한없음,서대문구 관내 대학에 재학중인 대학생,대학 재학,제한없음,제한없음,제한없음,-,-,1. 신청 홈페이지에 접속하여 입사신청서(2-2-년 1회차) 작성2. 재학증명서 등 제반서류는 입사생으로 선정된 후에 제출3. 서대문구 평생학습 신청 홈페이지에서 온라인 신청,위탁운영 기관 심사 진행,http://lll.sdm.go.kr,"재학증명서, 건강진단서, 기타",-,서대문구청 교육지원과,서대문구도시관리공단,http://www.sdm.go.kr,-
청년 임차보증금 지원,R2021031100476,청년의 소득대비 높은 주거비부담 경감을 위하여 임차보증금 대출 및 이자지원,"주거·금융, 주거지원","개인 신용으로 대출이 어려운 청년들에게도 보증금 대출을 가능하게 하고, 이자를 일부 지원하여 청년들의 주거비 감소에 도움을 주고자 함

- 주택조건 : 서울시 내 보증금 3억원, 월세 70만원 이내 주택 및 주거용 오피스텔

- 대출한도 : 임차보증금의 90프로 또는 7천만원 중 적은 금액

- 지원금리 : 최대 연 2프로 이자지원(본인 부담금리 최소 1프로)

- 대출기간 : 임차계약기간에 따라 회당 6개월~2년(최장 8년까지 연장가능)",연중 상시,상시 접수,"3,300명",서울,39,만 19세 ~ 39세,"연소득 4천만원 이하 무주택 세대주 청년

* 기혼자는 부부연소득 5천만원 이하, 취업준비생 및 대학(원)생은 부모연소득 7천만원 이하",제한없음,제한없음,제한없음,제한없음,,,https://housing.seoul.go.kr 서울주거포털에서 온라인 신청,-,http://housing.seoul.go.kr,신청 페이지 참고,-,서울시청 주택정책과,주관기관과 동일,-,http://housing.seoul.go.kr
지역사회 청년 쉐어하우스 운영,R2021031101542,지역 정착 청년의 초기 주거안정을 위해 기존 건물을 임대하여 저렴한 월세로 청년에게 제공,"주거·금융, 주거지원",지역 정착 청년의 초기 주거안정을 위해 기존 건물을 임대하여 저렴한 월세로 청년에게 제공,2021.3. ~2021.12.,2021.3.~2021.12.,1개 시군,충남,39,만 19세 ~ 39세,만 18세~39세의 해당 시군 거주하는 1인가구 무주택자,제한없음,제한없음,제한없음,제한없음,해당없음,해당없음,시군을 통해 신청,각 시군 재량,-,시군 재량,-,공동체지원국 청년정책과,1개 시군(선정중),http://www.bokjiro.go.kr/welInfo/retrieveGvmtWelInfo.do?welInfSno=17305,http://www.chungnam.go.kr/
청년 사회적 주택(청년 사회주택 공급 활성화),R2021021800113,"LH의 매입임대주택을 운영기관(비영리단체, 협동조합, 사회적기업 등)이 청년층 에게 주변 시세 50퍼센트 수준으로 커뮤니티 활동 등의 다양한 주거서비스를 함께 제공하는 사업","주거·금융, 주거지원",- 사회임대주택청년층 에게 주변 시세 50퍼센트 수준으로 커뮤니티 활동 등의 다양한 주거서비스를 함께 제공,-,상시,-,중앙부처,39,만 19세 ~ 39세,"사회적주택 신청자는 입주자모집공고일(2021.01.02.) 현재 무주택자인 미혼의 청년으로서 소득, 총자산, 자동차가액 기준을 충족하여야 함청년 중 다음의  자격요건 중 어느하나에 해당하는 경우(생계의료주거급여 수급자 가구, 한부모 가족, 차상위계층 가구, 일반 1, 일반2)※ 청년이란, 공고일 현재 주민등록등본 상 만 나이가 19세 이상~39세 이하인 사람으로 직장 재직 여부와 무관",제한없음,제한없음,제한없음,제한없음,-,"기혼자, 외국인, 재외국민은 신청이 불가신청자격은 입주자 모집공고일 부터 계약 시까지 유지해야 하며, 입주 자격검증 통과 후 주택 소유로 자격요건 상실 시 계약이 취소되거나 거절될 수 있음",#NAME?,-,https://www.myhome.go.kr/hws/portal/bbs/selectBoardNoticeDetailView.do?bbsId=BBST01&nttId=115,#NAME?,-,국토교통부 주택개발단,"주거복지재단, 한국토지주택공사",http://hwf.or.kr/02_business/business06.php,http://hwf.or.kr/forceboard/util_iboard.php
경기 행복주택 임대보증금 이자지원사업,R2021021802305,청년층 주거비 부담 경감을 위한 대출이자 지원,"주거·금융, 주거지원","표준임대보증금 대출이자 지원
- (방식) 입주 및 입주 후 출산에 따라 표준임대보증금 대출이자 차등 지원
*표준임대보증금: [경기행복주택 임대조건=임대보증금(50%)+월임대료(50%)] 중 임대보증금(50%)
*입주 시 40%(기본), 1자녀 출산 60%, 2자녀 이상 출산 100%
- (금리) 버팀목 전세자금대출: 연 2.3~2.9%, 버팀목 외: 전세자금대출 금리와 버팀목 최대금리 중 낮은 금리
- (지급시기) 분기별",2017~2022,"연중
- (신청기간) 11.21.~02.20. / (지급일) 03.20.
- (신청기간) 02.21.~05.20. / (지급일) 06.20.
- (신청기간) 05.21.~08.20. / (지급일) 09.20.
- (신청기간) 08.21.~11.20. / (지급일) 12.20.
*지급일(20일)이 주말이나 공휴일인 경우, 20일 이후 첫 평일에 지급됨","2021년 본 예산 기준 7,366가구",경기,999,제한없음,"도내 행복주택 입주자 중 전세자금 대출자 
* 전세자금 대출 미이용자도 입주 후 전세자금 대출을 받으면 신청가능",제한없음,제한없음,제한없음,제한없음,"- 보증금 지원신청자, 행복주택 계약자, 전세자금 대출자 및 이자지원금 수령 계좌 예금주가 모두 동일인
* 계약자 외 배우자 등의 전세자금 대출은 지원 불가
- 「소득세법 시행령」에서 정하는 주택임차자금 대출기관에서 전세자금 대출을 받은 자만 지원",-,"- 온라인 신청 : 경기주택도시공사 청약센터(apply.gh.or.kr)
 - 오프라인 신청 
   *경기행복주택 입주자 : 경기주택도시공사
   *행복주택 입주자 : LH지역본부 또는 주거복지지사

지원대상자 본인 신청
신청서제출(입주자) - 계약정보확인(경기주택도시공사) - 금융정보확인(경기주택도시공사) - 지원금 산정(경기주택도시공사) - 지원금 지급(경기도) - 지원금 수령(입주자)","지급시기: 증빙자료 확인 후 분기별 지급(3월, 6월, 9월, 12월)
*비버팀목 대출자인 경우에는 분기마다 주택자금상환등 증명서를 제출해야 함",https://apply.gh.or.kr/deposit/form.do?,"- 이자지원(변경) 신청서, 개인정보제공동의서 
* 경기주택도시공사 청약센터(apply.gh.or.kr) 자료실 다운로드(자필 서명 필수)
 - 주민등록등본(필요시 가족관계증명서 첨부), 통장사본
 - 금융거래확인서, 이자납부내역서 등(해당 대출은행 발급)",-,경기도청 주택정책과,안성상공회의소,https://www.gg.go.kr/contents/contents.do?ciIdx=1228&menuId=2991,https://apply.gh.or.kr/index.do
청년을 위한 공적임대주택 공급,R2021021800116,"청년들의 주거복지 실현을 위해 청년공공임대주택(청년행복주택, 청년전세임대주택) 사업 및 청년 공공지원 민간주택임대 사업 실시
 ※ 시세 대비 저렴한 임대료 및 보증금과 안정적인 거주 기간 등 보장","주거·금융, 주거지원",#NAME?,2021.01.01. ~ 2021.12.31.,수시 모집 (※ 해당 입주자 모집공고 확인),※ 입주자 모집공고 확인,중앙부처,34,만 19세 ~ 34세,※ 입주자 모집공고 확인,"(공공임대) 사회초년생, 대학생, 취업준비생 (공공지원민간임대) 무주택 청년",제한없음,"(공공임대 - 청년전세임대) 대학생, 취업준비생",제한없음,-,※ 입주자 모집공고 확인,※ 입주자 모집공고 확인,※ 입주자 모집공고 확인,https://apply.lh.or.kr/,※ 입주자 모집공고 확인,-,국토교통부 민간임대정책과,LH공사,https://www.lh.or.kr/contents/cont.do,https://www.lh.or.kr/index.do
행복주택(청년주택) 건립사업,R2021021802953,"옥천군 관내 열악한 정주여건이 젊은 계층의 인근대도시 유출 등의 원인으로 작용하는 바, 청년들을 위한 체감도 높은 복지정책 추진","주거·금융, 주거지원",청년들의 체감도 높은 복지정책을 위한 행복주택 200호 제공,2019.~ 2023.,-,행복주택 200호,충북 옥천군,999,제한없음,"청년, 신혼부부",미정,미정,미정,미정,-,-,-,-,-,-,-,옥천군청 도시교통과,한국토지주택공사 충북지역본부,-,
신혼부부 주거지원사업,R2021021803167,"신혼부부 주택구입 및 전세대출, 임대주택(월세)주거비, 주택 정비비용 등을 지원","주거·금융, 주거지원","1. 주택구입 및 전세대출 이자지원 : 연 이자의 50프로 이내, 연 최대 100만원, 반기 1회 지급, 3년간2. 임대주택(월세) 주거비 지원 : 월 임대료 50프로 이내, 월 최대 10만원 , 반기 1회 지급, 1년간3. 주택 정비 지원 : 관내 주택 정비비용 100만원 이내(1회 한정)",2021.01.01.~2021.12.31.,2021.01.01. ~ 2021.12.31.(상시접수),-,전남 장흥군,49,만 49세 이하,"최초 신청일 기준 혼인기간 5년 이내 신혼부부, 가구 중위소득 170프로 이하 가구, 신청일 기준 부부가 함께 관내 지속거주",제한없음,제한없음,제한없음,제한없음,"각 사업 중복지원 불가, 주택구입 및 전세대출 이자지원의 경우 전용면적 85제곱미터 이하의 주택이어야함","1가구 다주택소유자, 국가나 지방자치단체 등으로부터 주거급여 등 주거구입 지원을 받고 있는 자",신청자 본인이 주소지 관할 읍면행정복지센터에서 방문접수,"각 읍면사무소에서 접수한 서류를 취합해 신청서 및 서류 확인 및 중복 지원 여부 확인선정자 개별 통보(지원금액 및 청구방법, 지원 조건 및 환수조치 등 안내)매 분기별 관내 거주 및 혼인 관계 유지 여부 확인",해당 없음,"1. 공통서류 : 인구늘리기 시책 지원 신청서 1부, 주민등록초본 각 1부, 혼인관계증명서 1부, 가족관계증명서 1부, 신청인 명의 통장사본, 소득증빙서류, 세목별과세증명서 각 1부2. 주택구입대출 이자지원 : 주택구입 대출실행확인서, 주택구입 계약서 사본, 주택 등기부등본주택전세대출 이자지원 : 주택전세 대출실행확인서, 임대계약서 사본임대주택 주거비 지원 : 임대계약서 사본주택정비지원 : 임대주택의 경우 집주인 동의서",해제 사유- 신청기준일 장흥에 주소를 둔 가구 구성원이 장흥 외 타 시·군으로 전출한 경우- 사업대상 주택의 소유권을 이전하는 경우- 가입신청서류가 허위이거나 중요사항 누락 등으로 가입자 선정에 하자가 있는 경우- 이혼 등 법률상 혼인관계가 유지되지 않을 경우- 기타 지원해제 및 환수사유가 있다고 판단되는 경우,장흥군청 총무과,-,https://www.jangheung.go.kr/www/life_welfare/population_plan#none,https://www.jangheung.go.kr/
보호종료청년 주거지원 통합서비스,R2021021802368,취약계층 아동·청소년의 주거안정을 지원하기 위한 전세주택의 공급과 관련한 내용 및 절차 등을 규정하여 주거안정과 자립유도 도모,"주거·금융, 주거지원",#NAME?,2021 연중,수시,15명,경기 수원시,999,만 18세 이상,"- 대리양육가정 또는 친인척위탁가정, 또는 일반가정위탁  - 만 18세미만 및 친조부모, 또는 친인척, 또는 일반가정  - 가구당 월평균소득 이하인 자  - 무주택자",제한없음,제한없음,제한없음,제한없음,-,-,동 행정복지센터에서 접수,-,-,-,-,수원시청 도시재생과 주거복지팀,주관기관과 동일,http://www.swyouthpolicy.kr/?p=152_view=57,http://www.swyouthpolicy.kr
"남명학사(창원관, 서울관)운영",R2021021803532,저소득층 자녀 대학생의 생활비 경감 및 쾌적한 면학환경 조성을 위해 창원 및 서울 지역에 대학생 기숙사 운영,"주거·금융, 주거지원",저렴한 기숙사 제공(자부담 월 15만원),2021.01.01~2021.12.31,"수시모집
*정시모집의 경우 매년 1~2월 중",748명,경남,999,제한없음,"저소득층 및 서민 자녀 대학생, 성적우수 대학생",대학 재학,제한없음,제한없음,제한없음,-,-,"홈페이지 신청 후 서류 오프라인 제출, 남명학사 홈페이지(창원관, 서울관) 통한 입사신청",-,https://www.nmhs.or.kr,"성적증명서, 건강보험료납부확인서 등",어학 및 국가자격증 취득 시 연 20만원 범위 내 지원,경상남도 통합교육추진단,경남개발공사,http://www.nmhs.or.kr/page.do?seqId=0000000236,http://www.nmhs.or.kr/com/index.do?siteid=chwn
청년 부부 내집 마련 대출이자 지원,R2021021803138,"건전한 인구구조 형성과 2022년까지 귀향, 귀촌 고흥 3000호 달성 등 인구절벽에 직면한 위기를 극복하고 청년인구 유출 방지를 위해 청년 신혼부부 주택구입 및 전세자금 대출 이자를 경감","주거·금융, 주거지원",신청일 직전 1년간 주택 구입 및 전세대출금 이자의 50프로 지원(1백만원 한도)최대 3년간 지원(매년 재신청하여 사업대상자로 선정되어야 함),2021.01.01.~2021.12.31.,연중 상시 접수,30세대,전남 고흥군,49,만 19세 ~ 49세,"본인의 주민등록 주소지가 고흥군이면서 6개월 이상 거주한 자, 신청일 현재 혼인기간 5년 이내인 청년부부, 전년도 1년 평균 본인 가구소득인정액이 기준중위소득 150프로 이하인 가구",제한없음,제한없음,제한없음,제한없음,"지원 대상자가 전출, 사망 등으로 군내 거주하지 아니한 경우 지원 중단",정부(지자체) 주거급여 사업대상자 제외,주민등록지 읍면사무소 방문 신청,자격요건 심사사업대상자 선정사업확정 대상자 읍면 통보,http://www.goheung.go.kr,"사업신청서, 주민등록초본, 혼인관계증명서, 건강보험료 납부확인서 및 자격확인서, 대출이자 납무학인서, 전세 또는 임대차 계약서, 매매계약서 및 등기부등본, 신청인 통장사본",해당사항 없음,고흥군청 인구정책과,-,http://www.bokjiro.go.kr/welInfo/retrieveGvmtWelInfo.do?welInfSno=17145,https://www.goheung.go.kr/index.do
전주형 사회주택 입주지원,R2021031101821,사회적 경제주체와 함께 청년 1인가구의 증가와 주거수요 다변화에 대응할 수 있는 수요 맞춤형 전주형 사회주택을 공급하여 청년가구의 주거안정을 지원하는 사업,"주거·금융, 주거지원",전주시와 사회적 경제주체가 공동으로 출자하여 장기간 저렴한 임대료의 전주형 사회주택 매년 1개소 이상 공급,2021.01.01. ~ 2021.12.31.,주택별 상이,-,전북 전주시,39,만 19세 ~ 39세,"입주자모집공고일 현재, 무주택자로서 아래의 요건을 갖춘자
1. 청년이면서, 만 19세 이상 39세 이하
2. 신청자 본인의 월평균소득 합계가 전년도 가구당 도시근로자 월평균소득 100퍼센트 이하일 것
3. 예술가 및 공익활동에 기여한다고 판단되는 청년
*타지역(전주 외)에 거주하는 경우 입주 계약 체결 이후 전주시로 전입을 조건으로 함",제한없음,제한없음,제한없음,제한없음,-,해당 없음,"모집기간, 신청자격 및 인원은 주택별로 상이하므로 개별 문의",해당사항 없음,해당 없음,#NAME?,"- 사회주택 운영단체 안내
  * 중화산동 사회주택(여성전용) : 한국주거복지협동조합 (063-255-0479)
  * 완산동 사회주택(쉐어하우스) : 민달팽이주택협동조합 (070-4148-9120)
  * 효자동 사회주택(리모델링중) : 협동조합함집(063-222-0489
  * 삼천동 사회주택(리모델링중) : 사회적협동조합마을발전소 맥(063-287-3007)",전주시청 주거복지과 사회주택팀,-,https://jeonju.go.kr/planweb/board/view.9is?dataUid=9be517a8796608200179c74c78804059&page=1&boardUid=9be517a74f8dee91014f90e8502d0602&contentUid=9be517a769953e5f0169c1dfd63e01a7&layoutUid=&searchType=&keyword=&categoryUid1=&categoryUid2=&cateogryUid3=,https://jeonju.go.kr/
충남도립대학교 전입대학생 기숙사비 지원,R2021031101664,충남도립대학교 전입대학생 기숙사비 지원,"주거·금융, 주거지원",대학교 기숙사비 지원,2017년 ~ 계속,진행중,약 300명,충남 청양군,999,제한없음,다른 시군구에서 전입일을 기준으로 1년 이상 주소를 두고 있다가 군내에 전입하여 군내 대학에 재학 휴학 또는 졸업 후 6개월 이내인 자,대학 재학,제한없음,제한없음,제한없음,-,신청요건에 해당 안되는 자,#NAME?,"신청자격 적격 확인 후 도립대로 일괄 입금, 도립대 측에서 개인 별도 입금",없음,재학증명서,-,미래전략과,-,http://www.cheongyang.go.kr/kor/sub06_01_09_02.do,http://www.cheongyang.go.kr/
맞춤형 주거지원 (행복주택),R2021021802943,"사회초년생, 신혼부부, 대학생, 산업단지 근로자 등 사회활동 계층에 임대주택을 저렴하게 공급하여 주거불안 해소","주거·금융, 주거지원",임대주택 120세대 제공,2021.01.01.~2021.12.,연중(모집공고 시 ),약120세대,충북 보은군,999,제한없음,"1. 산업단지 근로자 - 보은군 또는 연접지역에 소재한 산업단지(국가산업단지, 일반산업단지, 도시첨단산업단지, 농공단지) 입주 또는 입주예정인 기업 및 교육, 연구기관에 근무 중인 자2. 청년계층 - 청년 : 무주택자로서 혼인 중이 아니며 만 19세 이상 39세 이하인 자 - 사회초년생 : 무주택자로서 혼인 중이 아니며, 소득이 있는 업무에 종사한 기간이 총 10년 이내이며, 아래의 하나에 해당하는 자 1) 소득이 있는 업무에 종사하는 자 2) 퇴직한 후 1년이 지나지 않은 사람으로서 구직급여 수급자격을 인정받은 자 3) 예술인3. 신혼부부 및 한부모가족 - 신혼부부 : 무주택세대구성원으로, 입주신청서 접수일 현재 혼인중이며 혼인합산기간이 10년 이내인 자 - 예비신혼부부 : 혼인으로 구성될 세대구성원 모두 무주택자이면서, 입주 전까지 혼인사실을 증명할 수 있으며, 혼인합산기간이 10년 이내인 자 - 한부모가족 : 무주택세대구성원으로 만 6세 이하 자녀를 둔 경우4. 대학생 - 대학생 : 무주택자로서 혼인중이 아니며 대학에 재학 중이거나 다음 학기에 입,복학 예정인 자 - 취업준비생 : 무주택자로서 혼인중이 아니며 대학 또는 고등기술, 고등학교를 졸업(또는 중퇴)한 지 2년 이내인 자",제한없음,제한없음,제한없음,제한없음,-,주택 소유자 등,"신청 홈페이지에 접속하여 신청서 및 증빙서류, 구직활동계획서 양식 다운 - 구비 서류 양식 작성 및 증빙서류 구비 - 모집기간내 계층별 신청서류 현장접수",공고에 따른 심사 및 발표,방문신청,신청서 및 증빙서류,-,보은군청 산업경제국 지역개발과 도시재생팀,주관 기관과 동일,-,
신혼부부 전세대출 이자 지원,R2021021802899,"주택마련 비용 부담을 경감하여 결혼 결정에 긍정적인 영향을 주고, 주거비 부담완화를 통한 출산여건 개선으로, 출생아수 감소 등 초저출산시대에 적극 대응","주거·금융, 주거지원","무주택 신혼부부 주택 전세자금 대출이자 지원가구당 연간 1백만원 이내(연1회, 최대 5년까지)*전세자금 대출에 한함, 대출 잔액의 1.2퍼센트",2021.1월 ~ 12월,2021.03.02.~2021.11.30,100개소,충북 청주시,999,제한없음,- 신청일 기준 3개월 이상 계속하여 청주시에 주소를 두고 있는 5년 이내 혼인신고 한 무주택 신혼부부- 세대구성원 모두 전국 기준 무주택인 가구,제한없음,제한없음,제한없음,제한없음,"제1,2금융권에서 신혼부부 명의 주택전세자금 대출을 받은 자",-,청주시청 홈페이지 신청,-,https://www.cheongju.go.kr,신청서 1부서약서 및 동의서 1부주민등록등본 1부주민등록초본 1부혼인관계증명서 1부주택계약서 사본 또는 전세권설정 등기금융권발행 주택자금대출 확인서류대출원리금 납입증명서 또는 금융거래확인서+납부확인서전국기준 지방세 세목별(재산세)미과세 증명서2019년 기준 소득세 원천징수 영수증 또는 소득금액증명원 등 소득확인 서류통장사본 및 신분증사본가족관계증명서임신확인서 또는 진단서,"대상주택 : 공급면접 85제곱미터이하, 전세 또는 임차보증금 2억원 이하",청주시청 여성가족과 인구정책팀,-,https://www.cheongju.go.kr/www/contents.do?key=22712,https://www.cheongju.go.kr
신혼부부 주거비용 지원,R2021021803405,인구유출방지와 전입자들을 지원하기 위해 신혼부부의 주거비용에 대한 지원으로 경제적 부담 경감,"주거·금융, 주거지원",2년간 월 10만원 이내 전세자금 대출금 이자 또는 월세자금 지원,2021.01.01.~2021.12.31.,2021.01.01.~2021.12.31.(연중 수시),20가구,경북 의성군,999,제한없음,신청일 기준 남편 또는 아내가 1년 이상 군에 주소를 두고 거주하며 혼인신고일 이후 군에 주민등록을 둔 결혼 1년 이하인 신혼부부,제한없음,제한없음,제한없음,제한없음,-,-,읍면사무소 방문신청,-,방문 신청,"신청서, 주민등록초본, 임대차계약서, 금융대출계약서 등",-,의성군청 기획예산담당관,주관기관과 동일,https://www.usc.go.kr/page/1403/1424.tc,https://www.usc.go.kr/
청년전용 버팀목전세자금,R2021021800117,전세자금이 부족한 청년들에게 연1.5프로~2.1프로의 금리로 전세자금 대출 정책,"주거·금융, 주거지원","호당대출한도 : 7천만원 이하
소요자금에 대한 대출비율 
① 신규계약: 전세금액의 80프로 이내
  2천만원 초과 ~ 4천만원 이하 : 연 2.5프로
  4천만원 초과 ~ 5천만원 이하 : 연 2.7프로",-,-,-,중앙부처,34,만 19세 ~ 34세,"만 19세 이상 ∼ 만 34세 이하의 세대주(예비 세대주 포함)
(계약) 주택임대차계약을 체결하고 임차보증금의 5프로 이상을 지불한 자
대출신청인과 배우자의 합산 총소득이 5천만원 이하인 자, 단, 신혼가구, 혁신도시 이전 공공기관 종사자, 타 지역으로 이주하는 재개발 구역내 세입자, 다자녀가구, 2자녀 가구인 경우 6천만원 이하인 자",제한없음,제한없음,제한없음,제한없음,해당홈페이지 참고,"주택도시기금대출, 은행재원 전세자금대출 및 주택담보대출 미이용자의 경우 신청가능","- 기금 e든든 사이트(enhuf.molit.go.kr) 및 은행 영업점에 방문하여 신청접수 
- 전화상담이 필요한 경우 담당자한테 문의",-,https://enhuf.molit.go.kr,-,"임대차계약서상 잔금지급일과 주민등록등본상 전입일 중 빠른 날로부터 3개월이내까지 신청
계약갱신의 경우에는 계약갱신일(월세에서 전세로 전환계약한 경우에는 전환일)로부터 3개월이내에 신청",국토교통부 주택기금과,주택도시보증공사,http://nhuf.molit.go.kr/FP/FP05/FP0502/FP05020301.jsp,http://nhuf.molit.go.kr/
신혼부부 주거비용 지원사업,R2021021803523,신혼부부의 주거비용 부담을 완화하여 울주군 인구유입을 촉진하고 결혼 및 출산을 장려하는 사회적 분위기를 조성하고자 함,"주거·금융, 주거지원",2년간 신혼부부 가구의 소득에 따라 월 5~9만원 차등지원,2021.01.01.~2021.12.31.,"2021.01.04~2021.12.31.(상시 접수, 예산 소진시까지)",520가구,울산 울주군,999,제한없음,"신청일 기준 혼인신고일이 1년 이내인 신혼부부, 부부 모두 울주군에 6개월 이상 주민등록자, 부부합산 중위소득 200퍼센트 이하인 가구",제한없음,제한없음,제한없음,제한없음,주거비용 지원금 수급 중 부부 모두 울주군에 주민등록 유지,#NAME?,읍면행정복지센터 방문하여 신청 작성 및 구비서류 제출,사업 수행 기관 심사 후 익월 15일 첫 급여 지급(급여 지급일은 매월 15일),-,"- (부부의)주민등록 초본 각 1부- 주민등록등본 1부- 혼인관계증명서 1부- (부부의)건강보험료 납부확인서, 건강보험 자격확인(통보)서 각 1부※ 단, 세대주의 건강보험 자격확인(통보)서에 모든 가구원이 피부양자로 등재시 세대주의 건강보험 관련 서류만 제출",지원 불가 항목- 주거급여 수급자- 울주군 신혼부부 주택 매입·전세자금 대출이자 지원사업과 중복지원 불가(택1)- 수급자의 타지역 전출,울주군 여성가족과,주관기관과 동일,https://www.ulju.ulsan.kr/ulju/ulju_news01/732,https://www.ulju.ulsan.kr/ulju/
청년 임차보증금 융자 및 이자 지원사업,R2021021802596,"취업준비생, 사회초년생 등의 안정적인 주거지원","주거·금융, 주거지원",청년 임차보증금 융자 및 이자 지원,미정,미정,미정,경기 오산시,39,만 19세 ~ 39세,오산시 거주 청년,제한없음,제한없음,제한없음,제한없음,미정,중복수혜불가,미정,미정,미정,미정,미정,오산시청 도시주택국 주택과,주관기관과 동일,http://www.osan.go.kr,-
청년 농촌보금자리 조성사업,R2021021800143,귀농귀촌 청년들의 농촌 정착 지원,"주거·금융, 주거지원","- 단독주택형 임대주택단지 4개소 (개소당 30호 내외)를 조성하여 청년 가구에 저렴한 임대료로 장기(5~10년)임대- 임대주택단지 내 공동육아 나눔 시설과 단지 입주민들의 문화,여가,커뮤니티 활동을 위한 커뮤니티 시설 각 1개동 씩 복합하여 설치",2019.03.~2022.12.30.,기존 선발자 대상으로 한 계속사업,-,중앙부처,40,만 18세 ~ 40세,"- 사업대상 : 특,광역시를 제외한 155개 시장, 군수 중 사업 신청 전 사업부지를 100퍼센트(진입로 포함) 한 시군- 사업수혜자 : 만 40세 미만 귀농귀촌 청년 및 신혼부부 또는 가구주 연령이 만 40세 미만 이면서 1명 이상의 자녀를 양육 중인 가족",제한없음,제한없음,제한없음,제한없음,-,제한없음,-,-,-,-,-,농림축산식품부 지역개발과,주관기관과 동일,https://www.seocheon.go.kr/welfare/sub08_03_02.do,https://www.seocheon.go.kr/welfare.do
세종형 쉐어하우스,R2021031100796,세종특별자치시에서 매입한 주택을 청년에게 저렴하게 임대 공급,"주거·금융, 주거지원",주변 시세의 30~50퍼센트의 임대료 수준으로 임대주택 공급,2021.01.01.~2021.12.31.,미정(공실 발생 시 수시 모집),15명,세종,39,만 19세 ~ 39세,"세종형 쉐어하우스는 입주공고일 현재 무주택자이며 아래의 소득 및 자산 기준을 충족하는 청년에게 공급
- 1순위 : 생계·주거·의료급여 수급자 가구, 지원대상 한부모 가족, 차상위 계층
- 2순위 : 본인과 부모의 월평균 소득이 전년도 도시근로자 가구당 월평균소득 100퍼센트 이하 이며, 국민임대주택 자산기준을 충족하는 청년
- 3순위 : 1, 2순위외 월평균 소득이 전년도 도시근로자 가구당 월평균 소득의 100퍼센트 이하 이고, 행복주택의 자산기준을 충족하는 청년",제한없음,제한없음,제한없음,제한없음,-,-,"1. 신청 홈페이지에 접속하여 입주 신청서 서식 다운  
2. 구비 서류 양식 작성 및 증빙서류 구비 
3. 방문 또는 등기 접수",입주자 모집 종료 후 2개월 이내 통보,-,모집 공고문의 관련 서식 제출,-,세종특별자치시청 주택과,-,https://www.sejong.go.kr/prog/publicNotice/kor/sub02_0303/C1/list.do,-
주거급여(맞춤형 급여),R2022012401355,주거안정과 주거생활 향상을 위하여 일정 소득 이하 국민에게 주거급여를 지원,"주거·금융, 주거지원","임차가구는 전월세비용을 지원, 자가가구는 낡은 집을 수선,  임차가구 : 지역 및 가족 수에 따라 산정한 기준임대료를 상한으로 실제임차료(월임차료+보증금 환산액(연 4프로 적용)을 지원 자가가구의 경우에는 주택의 노후도에 따라 도배, 난방, 지붕 등 종합적인 수리 지원",-,상시,-,중앙부처,999,제한없음,지원소득인정액 기준은 중위소득의 45프로 이하,제한없음,제한없음,제한없음,제한없음,-,"- 긴급복지 연료비 및 전기요금 
- 생계급여(맞춤형 급여) 
- 긴급복지 생계지원 
- 긴급복지 교육지원 
- 긴급복지 주거지원 
- 긴급복지 사회복지시설 이용 지원 
- 긴급복지 해산비 지원 
- 긴급복지 장제비 지원","읍/면/동 주민센터에 방문하여 신청, 서비스 신청시, 가족의 금융정보 제공동의가 온라인신청(online.bokjiro.go.kr)으로도 가능",-,https://bokjiro.go.kr/ssis-teu/twoaa/aplySrvChc/selectServChs.do,해당홈페이지 확인,-,국토교통부 주거복지정책과,-,https://bokjiro.go.kr/ssis-teu/twataa/wlfareInfo/moveTWAT52011M.do,https://bokjiro.go.kr/ssis-teu/index.do
사회주택 도입을 통해 신진예술가 주거공간 마련,R2021021800238,사회주택을 공급하여 정주ㆍ창업ㆍ창작 공간의 예술활동 거점 마련을 지원하는 정책,"주거·금융, 주거지원",#NAME?,연중,-,-,중앙부처,999,제한없음,청년예술인,제한없음,청년예술인,청년예술인,청년예술인,-,제한없음,-,-,-,-,-,행정중심복합도시건설청 도시공간건축과,주관기관과 동일,-,https://www.naacc.go.kr/
전입대학생 전입지원금 지원,R2021021802999,관내 대학교 전입대학생에게 전입지원금 및 기숙사비 지원으로 경제적 부담경감 및 관내 전입 정착 유도,"주거·금융, 주거지원",전입지원금 50만원기숙사비 20만원 ※ 기숙사비는 당해연도 12.31.까지 주소유지 필요,연중,전입 후 즉시 신청,100여명,충북 괴산군,999,제한없음,관내 대학교 전입 대학생,제한없음,제한없음,제한없음,제한없음,-,-,각 읍면사무소 방문 접수,-,방문접수,신청서 접수,-,괴산군청 미래전략담당관 미래전략팀,주관 기관과 동일,-,-
청년행복주택사업,R2021021802110,대학생 등 청년 계층의 주거안정을 위하여 대중교통이 편리하거나 직장과 가까운 국·공유지에 청년 행복주택 공급,"주거·금융, 주거지원",직장과 학교가 가까운 곳 또는 대중교통이 편리한 곳에 저렴한 임대료를 제공해 행복한 편의시설 제공,2016년 ~ 2024년,-,-,대구,39,만 19세 ~ 39세,"1. 대학생 계층
- 대학생: 대학에 재학 중이거나 다음 학기에 입학 복학 예정인 자
- 취업준비생: 대학 또는 고등학교를 졸업(또는 중퇴)한 지 2년 이내인 자
2. 청년 계층
- 사회초년생: 소득이 있는 업무에 종사한 기간이 총 5년 이내인 자
3. 신혼부부, 한부모가족 계층
- 신혼부부: 공고일 현재 혼인중이며 혼인기간이 7년 이내인 자
- 예비신혼부부: 입주 전까지 혼인사실을 증명할 수 있는 자
- 한부모가족: 만6세이하 자녀를 둔 한부모인 자
4. 고령자
- 무주택기간이 계속하여 1년 이상인 해당지역에 거주하는 만 65세 이상의 자
5. 주거급여수급자
- 무주택기간이 계속하여 1년 이상인 해당지역에 거주하는 주거급여수급자",제한없음,제한없음,제한없음,제한없음,"- 소득이 없는 청년 계층 신청자는 동일 면적의 대학생 계층 임대조건이 적용
- 임대조건은 재계약전까지 유지되며 재계약시 소득 유무에 따라 변경된 임대조건을 적용","- 대학 또는 고등학교를 졸업한지 2년 초과한 자
- 소득이 있는 업무에 종사한 기간이 총 5년을 초과한 자
- 퇴직 후 1년이 지난 청년
- 과거 또는 현재 행복주택에 입주사실이 있는 자는 공급대상자격(자격변동 포함)과 동일한 자격으로는 신청 불가",인터넷(https://apply.lh.or.kr)또는 모바일(App명칭 : LH청약센터)에서 청약접수,서류제출 대상자 선정 및 발표 → 인터넷 청약서류제출 대상자 서류 접수(현장 접수) → 당첨자 발표 → 계약체결,https://www.duco.or.kr,"개인정보수집이용 및 제3자 제공 동의서,금융정보 등 제공 동의서, 자산 보유 사실확인서, 주민등록표등본, 주민등록표초본, 가족관계증명서, 주택청약종합저축 통장사본",-,대구광역시청 도시재창조국 건축주택과,"LH대구경북지역본부 , 대구도시공사",https://www.daegu.go.kr/YouthPolicy/index.do?menu_id=00936785&menu_link=/front/youthpolicy/selectYouthpolicy.do,-
주거급여,R2021031101266,저소득 주거취약계층의 주거비 지원,"주거·금융, 주거지원",임대료 또는 수선유지급여(집수리) 지원,2021.01.01.~2021.12.31.,상시,주거급여 수급자 및 주거급여 수급자와 세대분리한 청년,광주,30,만 19세 ~ 30세,주거급여 수급자(신청주의),제한없음,제한없음,제한없음,제한없음,-,중위소득 45프로 이상자,"신청 및 접수(동 행정복지센터에서 현장접수 또는 복지로 온라인 신청) - 소득, 재산 조사(구청) - 주택조사(LH) - 보장결정 및 급여지급(구청)",관할 구청에서 소득재산 조회 후 수급자 선정,http://online.bokjiro.go.kr/apl/info/aplInfoApplLivingView.do,"사회보장급여 제공(변경) 신청서, 금융정보 등 제공 동의서, 기타 필요시 해당 구비 서류",-,광주광역시청 도시재생국 주택정책과,"광주광역시청, 5개 자치구",http://www.bokjiro.go.kr/welInfo/retrieveGvmtWelInfo.do?welInfSno=282,-
청년 월세 지원 사업,R2021120900981,주거비 부담 완화 및 안정적인 주거생활 지원,"주거·금융, 주거지원",월세 20만원,2022.1~12.,2022.3-4월중(예정),50명,경기 평택시,39,만 19세 ~ 39세,기준중위소득 120%이하,제한없음,제한없음,제한없음,제한없음,임차보증금 9천만원 이하 월세 50만원 이하 세입자,담당자 문의,읍면동행정복지센터 신청>심사>선정>지원,소득재산 조사 및 중복사업 수혜 조사,,"등본, 가족관계증명서, 임대차계약서 사본 등",,평택시,주관기관과 동일,,
단대동 행복주택 건립사업,R2021021802388,주변시세보다 저렴한 행복주택의 공급으로 젊은 계층 등의 주거불안 해소와 시민주거안정을 통해 주거복지문화 향상에 기여,"주거·금융, 주거지원",주변 임대시세의 60~80퍼센트 수준으로 주거시설 공급,2015.11.~2020.12.,분양일정 미정,60세대,경기 성남시,39,만 19세 ~ 39세,"학교 또는 직장이 성남시에 소재한 무주택자 또는 무주택세대구성원(신혼부부)- 소득 : 공공주택 특별법 시행규칙 별표 5. 행복주택의 입주자 자격 중 대학생, 청년, 신혼부부 적용- 자산 : 공공주택 입주자 보유 자산관련 업무처리기준(행복주택 입주자격 중 대학생, 청년, 신혼부부 적용)","고교졸업, 대학재학, 대학졸업, 기타(19~39세 무주택 청년)",제한없음,"재직자, 미취업자, 기타(대학생)",저소득층,-,-,입주자 모집 공고시 신청신청 홈페이지에 접속하여 신청서 및 증빙서류 양식 다운구비 서류 양식 작성 및 증빙서류 구비홈페이지 신청 또는 방문제출,입주자 모집 공고시 안내,미정,"취업 및 재학여부, 소득 및 자산 등을 확인할 수 있는 서류(모집공고시 안내)",-,성남시청 도시주택국 주택과,성남시청 도시주택국 주택과,http://www.molit.go.kr/happyhouse/info.jsp,-
청주산업단지 행복주택 건립사업,R2021021802888,"주택을 시세보다 저렴하게 공급하여 산업단지 근로자, 청년층 등의 정주여건을 개선함으로 산업활동 지원","주거·금융, 주거지원",임대주택(행복주택)을 저렴하게 공급하여 청년층 및 산업단지 근로자에게 지원,2016.09.~2022.12.,2022 준공 및 입주,582세대,충북 청주시,999,만 19세 이상,미정,미정,미정,미정,제한없음,-,미정,미정,-,-,미정,2022.6 행복주택 입주자 공고 및 모집,청주시청 도시교통국 도시개발과,-,https://www.cheongju.go.kr/www/contents.do?key=22711,https://chungbuk.work.go.kr/cheongju/main.do
신혼부부 주택자금 대출이자지원,R2021021802997,신혼부부에게 주택자금을 지원하여 경제적 부담 경감 및 인구 유입 유도,"주거·금융, 주거지원","금융기관으로부터 받은 신혼부부 명의의 주택구입 또는 전세자금 목적의 대출이자 연 1회, 연 최대 100만원 3년간 지원* 단, 지원금 신청일로부터 2년 이내 출산하는 경우 2년간 추가 지원",최대 5년,연중,10가구,충북 괴산군,999,제한없음,주민등록상 관내 거주 신혼부부(혼인신고 5년이내),제한없음,제한없음,제한없음,제한없음,-,-,사업신청서를 주소지 읍면사무소에 제출 - 지원금 지급(군),-,방문 접수,"신분증, 주민등록등본, 혼인관계증명서, 전세계약서 또는 등기부등본, 대출용도확인서, 대출이자납부확인서, 통장사본",-,괴산군청 미래전략담당관,주관 기관과 동일,-,-
취창업 재직청년 월세지원사업,R2021021802203,취창업재직 청년에게 월 10만원 월세지원,"주거·금융, 주거지원","월 10만원 월세지원(1인 최대 80만원, 생애 1회 한정)",2020.06.01.~2020.12.31.,-,400명,인천,39,만 19세 ~ 39세,취창업청년,제한없음,제한없음,제한없음,제한없음,"주민등록상 인천 거주, 취,창업청년",-,#NAME?,-,-,-,-,일자리경제본부 청년정책과,주관기관과 동일,http://in2youth.kr/bbs/board.php?bo_table=moem&wr_id=12,http://in2youth.kr/
2021 경상북도 신혼부부 임차보증금 이자지원사업,R2021021803279,경상북도내 신혼부부 및 예비 신혼부부에게 주택 임차보증금의 이자를 지원,"주거·금융, 주거지원","전세 임차보증금(최대 2억원)의 이자지원 (최대 3.0퍼센트)
  ※추가 이자지원금리 : 최대 연 1.0퍼센트 이하(1자녀 0.5퍼센트, 2자녀 1.0퍼센트)
기본지원 2년, 자녀수에 따라 최장 4년(2년씩 2회)이내 연장지원 가능",2021.01.01.~2021.12.31.,예산소진시까지 상시접수,950세대,경북,999,제한없음,"도내 주민등록자, 무주택자, 도내 임차보증금 3억원 이하 주택(공공주택 제외), 혼인신고 7년이내 및 3개월 이내 결혼예정, 부부합산 연소득 9000만원 이하 등",제한없음,제한없음,제한없음,제한없음,대출심사 시 협약은행에서 추가서류 요청할 수 있음,"건축물 대장상 불법건축물이거나 근린생활시설등 주택이 아닌곳은 지원불가, 공공주택특별법에 의한 공공주택사업자가 공급 및 지원하는 공공주택은 지원불가",한도조회 및 주택계약 > 신청서접수 > 대상자선정 > 추천서발급 > 대출신청 > 대출금 지급,개별 통보,https://www.gbhome.kr/?menu_code=3,"주민등록등본1부, 가족관계증명서 1부, 혼인관계증명서 1부, 임대차계약서(계약금(보증금의 5퍼센트이상)지급영수증 포함)","시군별 대표 연락번호
포항시(054-270-3724), 경주시(054-760-2664), 김천시(054-420-6355), 안동시(054-840-5458), 구미시(054-480-2854), 영주시(054-639-6942), 영천시(054-330-6353), 상주시(054-537-7602), 문경시(054-550-6817), 경산시(053-810-5568), 군위군(054-380-6354), 의성군(054-830-6209), 청송군(054-870-6771), 영양군(054-680-6353), 영덕군(054-730-6023), 청도군(054-370-6352), 고령군(054-950-6168), 성주군(054-930-6354), 칠곡군(054-979-6845), 예천군(054-650-6937), 봉화군(054-679-6153), 울진군(054-789-6653), 울릉군(054-790-6202)",경상북도청 건설도시국 건축디자인과,시군,https://www.gbhome.kr/?menu_code=51,http://www.gbhome.kr
청년주택 4호 공급,R2021031100632,서울주택도시공사에서 신축건물을 매입하여 서대문구에 맞춤형 임대주택으로 공급. 청년 1인가구를 위한 맞춤형 공공임대주택,"주거·금융, 주거지원","임대가격을 주변시세의 30~50퍼센트 수준의 임대주택 제공, 최장 만39세까지 거주 가능",2021.01.01.~2021.12.31.,입주자 모집공고에 따름,16명,서울 서대문구,37,만 19세 ~ 37세,1. 모집공고일 기준 서울시 거주2. 무주택 세대구성원3. 전년도 도시근로자 가구당 월평균소득 70퍼센트 이하,대졸 예정,제한없음,제한없음,제한없음,-,대학생,1. 서대문구청 홈페이지에 접속하여 신청서 및 증빙서류 양식 다운2. 구비 서류 양식 작성 및 증빙서류 구비3. 이메일 신청입주자 모집공고시 입주신청,입주자 모집공고에 따름(사업 수행 기관 심사 진행),-,"1. 신청서2. 등본,초본,가족관계증명서3. 개인정보수집동의서4. 금융정보제공동의서5. 자산보유사실확인서6. 입주지원서",-,서대문구청 사회복지과,-,http://www.sdm.go.kr,-
과천시 신혼부부 주택전세자금 대출이자 지원사업,R2021021802554,주거비 부담 및 저출산 문제 해결을 위해 신혼부부 주택전세자금 대출이자 지원,"주거·금융, 주거지원","주택전세자금 대출잔액의 1퍼센트지원(연 최대 100만원)연 1회, 최대 5년간 지원(천원미만 절사)",2021.01.01.~2021.12.31.,상시,120명,경기 과천시,999,제한없음,"소득기준: 부부합산 연소득 9천7백안원 이하의 무주택자주소기준: 신청일 현재 부부 모두 관내 주민등록이 되어 있는 사람대출기준: 금융권에서 신혼부부 명의 주택전세자금 대출 대출용도주택,임차,전세등으로 명기-신혼부부 기준: 혼인기간 7년 이내- 임차보증금 기준: 5억원 이하",제한없음,제한없음,제한없음,제한없음,-,"부부합산 연소득 9천 7백만원 초과 신혼부부주택도시기금 대출자(버팀목 전세자금, 신혼부부전용 전세자금 등)혼인신고일이 2012년 12월 31일 이전 또는 2020년 이후인 부부임차보증금 5억원 초과 신혼부부금융권 대출용도가신용·일반대출 용도인 신청자공공기관에서 생활안정 목적으로 전세자금 융자를 받은 자신청서류가 미비하여 대상자 적격여부 확인이 어려운 자",공고일~2021.12.03.까지 수시신청주소지 주민센터 방문접수신혼부부 명의 계좌 입금,(동)접수: 매월 5일까지(시)검토 및 결정: 매월 19일까지(시)지급: 매월 20일경,없음,"- 신청서, 동의서, 설문지 각 1부 - 혼인관계증명서 - 임대차 계약서 사본 또는 전세권 설정 등기 등 - 금융거래확인서 :  금융권 발행 주택전세자금 대출확인 서류(직인반드시필요) *주택전세자금(대출용도) 및 대출금액(대출잔약)이 확인되도록 표시 발급 - 소득금액증명원, 원천징수영수증 등의 소득확인 서류 *부부 모두 각 1부씩모든 제출서류는 공고일 이후 발급분으로 제출, 직인날인 필수이며 주민등록번호 뒷자리 포함",-,과천시청 경제복지국 복지정책과,주관기관과 동일,https://www.gccity.go.kr/main/board/bbs.do?mCode=B010010000==2=view=102017,https://www.gccity.go.kr/
경기도 공공기숙사 운영,R2021021802304,"경기도 공공기숙사(경기도 기숙사, 경기도 송파학사) 입사생활 지원","주거·금융, 주거지원","경기도 공공기숙사(경기도기숙사, 경기도송파학사) 입사생활 지원",2021.01.01.~2021.12.31.,"1. 경기도기숙사:매년 1월 ~ 2월 중

2. 송파학사 정시모집
: 매년 1월 ~ 2월 중
수시모집 : 21. 1. 4.(월) ~ 11. 30.(화)","경기도기숙사: 273명, 경기도송파학사: 130명",경기,39,만 15세 ~ 39세,"1. 경기도 기숙사 : 
- 공고일 기준, 1년 이상 계속하여 경기도에 주민등록을 둔 대학생 및 청년
- 공고일 현재 도에 주민등록이 되어있고, 기준일 이전에 도에 주민등록이 되어 있던 기간의 합산이 10년 이상인 대학생 또는 청년
- 그 밖에 경기도지사가 입사생의 자격이 있다고 인정하는 사람

2. 송파학사 : 군인자녀(군인자녀 기본법 11조 학생, 학습생, 단, 공실 발생 시 기타 신분자녀 입사)","- 경기도기숙사: 대학생(대학 재학), 청년(학력요건 없음)
- 경기도송파학사: 대학생(대학 재학)",제한없음,제한없음,제한없음,"- 경기도기숙사: 입사비 자부담 20만원(식비 포함)
- 경기도송파학사: 입사비 자부담 22만원(식비 포함)",-,"1. 경기도기숙사: 홈페이지를 통해 온라인 서류접수
- 홈페이지 -입사/퇴사안내 - 입사신청

2. 경기도송파학사: 
국군복지단 홈페이지(
http://www.welfare.mil.kr) 로그인 - 홈페이지 좌측의 기숙사 신청 - 수시모집>지원하기 - 입사신청일로부터 7일이내 관련서류를 학사 행정실에 도착되도록 우편발송 (서울시 송파구 위례순환로 364, 송파학사 경기도행정팀)","1. 경기도기숙사: 서류심사-면접-최종발표(2월 중)

2. 경기도송파학사: 서류심사-선발심사위원회-최종발표(정시모임은 2월 중)",http://www.ggdorm.or.kr/,"1. 경기도기숙사: 입사지원서, 개인정보활용동의서, 주민등록초본, 부모명의 가족관계증명서, 재학증명서, 청년 독립계획서

2. 경기도송파학사: 입사신청시(입학원서 접수증, 수험표 등), 입주시(재학증명서,등록금 납부영수증, 합격통지서 중 1부), 주민등록등본(부모와 학생 분리된 경우 각 1부)1부, 군인(현역복무확인서 :임관일,복무기간 표기)1부/준사관의 경우 하사임관일 기재, 예비역(연금증서 또는 병적 확인서)1부, 학생 증명사진 3매, 학생건강진단서(폐결핵, B형간염검사 필수)1부, 군무원(재직증명서)1부",-,경기도청 교육협력과,경기도사회적경제사회적협동조합,https://www.gg.go.kr/contents/contents.do?ciIdx=1124&menuId=2863,https://www.gg.go.kr/
부산형 행복주택 공급,R2021031101028,"대학생, 사회초년생, 신혼부부 등 젊은 층의 주거안정을 목적으로 주변시세보다 저렴하게 공공임대주택을 공급하는 정책","주거·금융, 주거지원","대학생, 청년, 신혼부부 등에 전체의 80프로 공급(6년)",2021.01.01.~계속,연차별 공급,2022년까지 10000호 공급,부산,39,만 19세 ~ 39세,"대학생, 청년, 신혼부부 등",제한없음,제한없음,미취업자,제한없음,-,-,"부산도시공사, 한국토지주택공사 사업공고 참고",공고 확인,https://www.bmc.busan.kr/bmc/main.do,개별공고 확인,-,부산광역시청 건축주택국 주택정책과,부산도시공사,http://www.busan.go.kr/build/ahhappyhouse01,https://www.busan.go.kr/build/index
부산 드림아파트 공급,R2021031101027,대중교통이 편리한 상업지역에 규제완화를 통해 청년계층에게 주변시세보다 저렴하게 8년간 임대주택을 공급하는 정책,"주거·금융, 주거지원","- 세대별 전용 60 이하 주택을 젊은 계층 우선 공급: 주변 시세의 80프로 이하로 공급
* 거주기간 : 8년 의무임대 조건(임대료 상승 연5프로 이내)
- 규제완화, 기금지원, 세제지원, 행정지원 등",2021.01.01.~2021.12.31.,임차인 모집공고~ 모집 마감 시까지,22년 목표 2500호,부산,999,제한없음,"부산거주 대학생, 사회초년생, 신혼부부, 다자녀가구, 산단근로자
* 부산시 지정 우수 중소기업 근로자에게 우선 공급",제한없음,제한없음,"미취업자, 재직자",제한없음,-,-,"- 임차인 모집방법 : 구청장, 군수에게 임차인모집신고 후, 부산광역시를 주된 보급지역으로 하는 일간지 1곳 이상에 공고
- 공고문에 따라 신청",사업시행자 홈페이지(직접연락),사업시행자 홈페이지(방문),개별공고 확인,담당부서: 부산광역시 주택정책과(051-888-3534),부산광역시청 건축주택국 주택정책과,민간시행(협약체결),https://www.busan.go.kr/build/dreamAPT,https://www.busan.go.kr/build/index
청년미래공동체주택 공급,R2021031100631,"서울주택도시공사에서 신축건물을 매입하여 서대문구에 맞춤형 임대주택으로 공급. 독립, 민주유공자와 유가족, 청년 1인가구, 신혼부부를 위한 맞춤형 공공임대주택","주거·금융, 주거지원","임대가격을 주변시세의 30~50퍼센트 수준의 임대주택 제공, 최장 만39세까지 거주 가능",2021.01.01.~2021.12.31.,입주자 모집공고에 따름,"13명(남 10명, 여 3명)",서울 서대문구,35,만 19세 ~ 35세,입주자 모집 공고일(2021. 04. 19.) 현재 서울특별시에 주민등록이 등재된 무주택세대구성원으로서 아래의 자격을 갖춘 자1. 만19세~39세 이하(신청일 기준)로 혼인중이 아닌 자2. 취업준비생 또는 근로(사업)소득자3. 전년도 도시근로자 가구당 월평균소득의 70퍼센트 이하인 자4. 추후 설립할 청년협동조합의 조합원으로 가입하고 성실하게 활동할 것을 동의하는 자,대졸 예정,제한없음,제한없음,제한없음,-,대학생,1. 서대문구청 홈페이지에 접속하여 신청서 및 증빙서류 양식 다운2. 구비 서류 양식 작성 및 증빙서류 구비3. 이메일 신청입주자 모집공고시 입주신청,서대문구청 홈페이지 게시 및 개별 문자 통보(수시),-,"1. 입주신청서 1부2. 취업준비생 : 건강보험자격득실확인서 1부3. 근로(사업)소득자 : 재직증명서 및 건강보헌자격득실확인서 1부4. 졸업예정자 : 졸업예정증명서 1부5. 신청자 주민등록등·초본 각 1부6. 신청자 가족관계증명서 1부 (상세로 발급, 주민등록번호 전부 표기)7. 개인정보수집, 처리 및 제3자 이용동의서 1부8. 금융정보 등 제공동의서 1부9. 자산보유사실확인서 1부10. 입주지원서 1부",-,서대문구청 사회복지과,-,http://www.sdm.go.kr/news/notice/notice.do?mode=view=82=256002,https://www.sdm.go.kr/index.do
나주학사,R2021021803107,학생들의 주거 안정과 면학편의 제공을 위해 나주학사 운영,"주거·금융, 주거지원","내발산동 공공기숙사 20호(40실(남16명, 여24명))",2021.01.01.~2021.12.31.,연중 수시 선발,40명,전남 나주시,27,만 18세 ~ 27세,"본인 또는 보호자(부 또는 모)가 1년 이상 계속하여 나주시에 주민등록을 둔 사람으로 수도권(서울특별시, 인천광역시, 경기도) 소재 4년제 이상 대학의 신입생 또는 재학생",대학 재학,제한없음,제한없음,제한없음,-,"퇴학, 정학 및 휴학중인 자
정신상의 사유로 공동생활에 부적합한 학생
입사생 학사 수칙의 퇴사요건에 해당되어 퇴사한 학생",나주시청 홈페이지에 접속하여 신청서 다운로드 및 구비서류 확인,서류심사후 홈페이지게시(2021.02.07.),방문 접수(나주시청 혁신도시교육과 인재육성팀),"입사원서, 주민등록등(초)본, 가족관계증명서, 졸업증명서, 성적증명서, 재학증명서, 건강보험납부확인서 및 자격확인서, 개인정보 제공 동의서 등",-,나주시청 혁신도시교육과,-,http://www.naju.go.kr/www/administration/notice/legislation?idx=27157&search_type=title&search_word=%EB%82%98%EC%A3%BC%ED%95%99%EC%82%AC&mode=view,http://www.naju.go.kr
신혼부부 보금자리 대출이자 지원 사업,R2021021803184,"신혼부부 가정에 대한 주거비용 지원을 통해 경제적 안정 및 주거 안정을 도모함으로써 결혼, 출산하기 좋은 환경 조성","주거·금융, 주거지원","주거자금(전세, 구입) 대출 잔액의 2프로(최대 1백만원) 지원",2021.01.~2021.12.,연중,-,전남 해남군,49,만 49세 이하,"아래 기준에 모두 해당하는 관내 거주 부부- 2018.02.09. 이후 혼인신고한 부부 *혼인신고일로부터 5년 이내 신청- 1명 이상이 관내에 6개월 이상 주민등록을 두고 거주- 부부 모두 만 49세 이하- 부부 합산 연소득 1억원 이하- 주거자금(전세, 주택 구입) 용도로 금융권 대출을 받은 자, 무주택자 또는 대출받아 구입(신축)한 주택 외에 부부 소유의 다른 주택이 없는 자",제한없음,제한없음,제한없음,기타(신혼부부),"신청일 기준 연 1회, 혼인신고일 기준 5년 간 추가 지원 가능","1가구 다주택 소유자, 국가나 지방자치단체 등으로부터 주거급여 수급자 및 유사 주거 자금 대출이자 지원 등을 받고 있는 자 등",방문 접수,서류 (적격 확인),방문 신청,"신청서, 서약서 및 동의서, 지방세 세목별 과세증명서(부부 각 1부), 소득금액 증명원또는 소득없음 사실증명원(부부 각 1부), 임대차 계약서 사본(전세권 설정등기 등 확인서류) 또는 부동산 등기부 등본, 금융권발행 주택자금 대출확인서류, 신청자 신분증 및 통장 사본 *대리 신청 시 가족관계증명서 및 대리인 신분증 사본",해당사항 없음,해남군청 인구정책과 출산장려팀,-,http://www.haenam.go.kr/planweb/board/view.9is?dataUid=18e3368f5d542987015d63ee65c202ff&nttId=63327&boardUid=18e3368f5fb80fdc015fdc42b7e003e0&contentUid=18e3368f5d745106015d877ab2850a94&layoutUid=&pBoardId=BBSMSTR_000000000621,http://www.haenam.go.kr/
3쾌한 주택자금 지원,R2021021802936,"결혼, 출산, 주거문제를 상쾌하게 해결하여 출산과 양육에 유리한 환경을 조성하여 저출산 극복","주거·금융, 주거지원","주택자금지원금 또는 출산자금지원금 중 택 1
1.주택자금 선택 시 
○ 첫째아 : 150만원
○ 둘째아 : 최대 1,000만원
○ 셋째아 : 최대 4,000만원

2.출산자금지원금 선택 시
○ 첫째아 : 120만원
○ 둘째아 : 800만원
○ 셋째아 이상 : 3,200만원",2021. 1월  ~ 12월,2021.1.1.~2021.12.31.,-,충북 제천시,999,제한없음,"2021년 1월 1일 이후 출생아를 둔 가정
* 주택자금 선택 시 주택자금대출 후 3년 이내 가능",제한없음,제한없음,제한없음,제한없음,"주택자금지원은 주택자금대출(매매,전세)을 받은 사람만 신청가능",-,주소지 읍면동 행정복지센터 방문 후 구비서류 제출,대상자 적격 심사 후 선정,방문신청,"신청서 및 개인정보수집 동의서
신청인 신분증
금융거래확인서
거래내역확인서
계좌번호가 표시된 통장사본",-,제천시청 기획예산과,제천시청,https://www.jecheon.go.kr/ysd/selectBbsNttView.do?key=420&bbsNo=107&nttNo=305403,https://www.jecheon.go.kr/
청년과 어르신 주거공유(한지붕세대공감),R2021031100475,"해당 지역 대학생의 주거 마련을 위해 대학가나 청년이 많이 사는 곳에 할머니, 할아버지가 남는 방을 학생에게 시세보다 저렴한 값에 방을 빌려주는 것","주거·금융, 주거지원","어르신 : 방 1실당 100만원 이내 환경 개선공사 , 생활상의 필요 활동 분담학 생 : 무보증금, 학교와 근접한 주거공간",2021.01.~2021.12.,수시 모집,200건,서울,999,제한없음,- 어르신 : 주택을 소유한 60세 이상 어르신 - 대학생 : 서울시 소재 대학(원) 재학생 및 휴학생,"대학 재학, 석·박사",제한없음,미취업자,학교,,,https://housing.seoul.go.kr 서울주거포털에서 온라인 신청,-,http://housing.seoul.go.kr,개별 공고 참조,-,서울시청 주택정책과,주관기관과 동일,https://housing.seoul.go.kr/site/main/content/sh01_060504,https://housing.seoul.go.kr/
광주청년주거서비스지원,R2021031101268,노후고시원 청년공유공간조성,"주거·금융, 주거지원",노후고시원 리모델링 등 청년주거서비스 지원,2021.01.01.~2021.12.31.,-,연간 30여명,광주,30,만 19세 ~ 30세,"고시원,쪽방,반지하?등?거주?저소득?청년,공공임대주택?우선?공급",제한없음,제한없음,제한없음,제한없음,소득이 없거나 소득이 적은 지역 청년 30여명에게 1~3년 동안 주거공간을 지원해 주거비 부담,-,-,-,-,-,-,광주광역시청 청년정책관,광주광역시 동구,-,-
다가구 등 기존주택 매입임대 사업,R2021031100840,도심내 기초생활수급자 등 도심 내 저소득계층이 현 생활권에서 거주할 수 있도록 기존의 다가구주택 등을 매입하여 수급자 등에게 저렴하게 공급,"주거·금융, 주거지원","시중 전세가의 30퍼센트 수준으로 임대
- 최초 임대 기간 2년, 재계약은 9회 가능(최장 20년)
- 청년매입 임대주택 : 최초 임대 2년 재계약 2회 가능(총 6년)",2021.01.01.~2021.12.31.,공고 시,200호,제주,39,만 19세 ~ 39세,"입주자 모집공고일 현재, 사업대상지역에 주민등록이 등재되어 있는 무주택세대 구성원
- 자격(생계,의료 수급자, 보호대상 한부모가족, 주거지원 시급가구, 저소득 고령자 등)에 따른 세부내역 확인 필요",제한없음,제한없음,제한없음,제한없음,"세대별 주민등록표상의 무주택세대구성원 중 1인만 신청 가능(1세대 1주택 신청)
*세대주, 세대주의 배우자, 세대주의 직계존·비속이 아니어도 공급신청 가능",-,제출 서류 준비하여 주민등록지 주민센터(읍면동사무소) 방문 접수,입주대상자 선정 - 공급주택 확보 - 임대차 계약 - 잔금납부 및 입주,방문접수,"매입임대공급 신청서, 임신진단서
개인정보 수집·이용 및 제3자 제공 동의서, 동일주소 외국인배우자 외국인등록증 사본 국내거소신고증
신청자의 주민등록표등본, 신청자의 주민등록표초본, 신청자의 가족관계증명서, 주민등록표등본","- 문의처 : 064-780-3595, 3592
- 인터넷 : 제주특별자치도개발공사 홈페이지 (http://www.jpdc.co.kr)
- 주소 :  (63309) 제주특별자치도 제주시 첨단로 330(영평동, 세미양빌딩) C동 102호 주거복지팀",제주특별자치도 건축지적과,제주개발공사,http://www.jpdc.co.kr,http://www.jpdc.co.kr
청년 쉐어하우스(청년누리) 운영,R2021031100630,포스코1퍼센트나눔재단과 서대문구가 공동으로 건립한 청년주택으로 청년주거 문제 해소를 목적으로 운영 중인 공공임대주택,"주거·금융, 주거지원","임대가격을 주변시세의 46퍼센트 수준의 임대주택 제공, 최장 만39세까지 거주 가능",2021.01.01.~2021.12.31.,입주자 모집공고에 따름,18명,서울 서대문구,35,만 19세 ~ 35세,"1. 모집공고일 기준 서울시 거주 1인 미혼가구 중 취업준비생
2. 사회초년생, 졸업까지 한 학기가 남은 대학생, 전년도 도시근로자 가구당 월평균소득 70퍼센트",대졸 예정,제한없음,제한없음,제한없음,-,대학생,"1. 서대문구청 홈페이지에 접속하여 신청서 및 증빙서류 양식 다운
2. 구비 서류 양식 작성 및 증빙서류 구비
3. 이메일 신청입주자 모집공고시 입주신청",입주자 모집공고에 따름(사업 수행 기관 심사 진행),-,"1. 신청서
2. 등본,초본,가족관계증명서
3. 개인정보수집동의서
4. 금융정보제공동의서
5. 자산보유사실확인서
6. 입주지원서",-,서대문구청 사회복지과,민달팽이주택협동조합,https://minsnailcoop.com/,-
신혼부부 주택융자 및 대출이자 지원,R2021031101030,"신혼부부의 주거비 부담 완화로 안정된 주거환경을 조성하여 결혼, 출산 장려","주거·금융, 주거지원",최대 1억 5천만원(보증금의 90프로이내) 전세자금 대출대출이자 1.9프로 지원(2년),2021.01.08.~2021.12.31.,분기별 상이,"1,000세대",부산,999,제한없음,"부산시에 거주하는 혼인예정 3개월~ 혼인 7년 이내 무주택 신혼부부부부합산 소득 연간 8,000만원 이하",제한없음,제한없음,제한없음,제한없음,-,#NAME?,"1. 부산은행 방문, 전화 자격요건 확인2. 임대차계약 체결3. 부산은행 신청서류 접수","자격심사, 선정 후 대출",-,1. 본인 및 배우자 신분증2. 확정일자부 임대차계약서(구임대차계약서-갱신계약 시)3. 계약금(임차보증금 5프로 이상) 영수증 및 은행 입금증4. 대상목적물 건물등기사항전부증명서5. 주민등록등본6. 재직증명서 또는 사업자등록증7. 근로소득원청징수영수증 등 소득증빙서류8. 가족관계증명서9. 혼인관계증명서 또는 혼인예정 증빙10. 비수급자확인서11. 현 거주지 건물등기부등본,-,부산광역시청 여성가족국 출산보육과,-,https://www.busan.go.kr/young/house00,https://www.busan.go.kr/build/index
청년 및 신혼부부 주거자금 대출이자 지원,R2021021803867,청년 및 신혼부부의 가장 큰 부담인 주거자금 대출이자를 지원하여 남해군민 으로의 안정적인 정착 유도,"주거·금융, 주거지원","청년 및 신혼부부 주거자금(전세, 주택구입) 대출 이자 지원",연중,매분기별 지정기간,50세대,경남 남해군,999,제한없음,청년 및 부부 모두 군에 주민등록을 두고 있는 혼일신고일 기준 5년 이내의 신혼부부,제한없음,제한없음,제한없음,제한없음,"주거자금(대출잔액 기준)의 대출이율 1.5퍼센트(최대 1백만원 한도)지원신청일 기준 연 1회 지원, 지원기준 해당 시 최장 3년 간 지원 가능","기초생활수급자,공공임대주택거주자,1가구 다주택 소유자 등","주민등록상 주소지 읍, 면사무소 방문신청",청년혁신과 검토 후 조건부합시 이자지원,-,신청서 및 구비서류(공통),-,남해군청 청년혁신과 남해정착지원팀,주관기과과 동일,https://www.namhae.go.kr/support/Index.do?c=SP0805000000,https://www.namhae.go.kr/
청년 주거급여 분리지급,R2022012501406,"주거급여 수급가구내 20대 미혼자녀가 취학, 구직 등을 목적으로 부모와 따로 거주하는 경우 부모에게 지급되는 주거급여와는 별도의 주거급여 지급","주거·금융, 주거지원",기준임대료 한도 내에서 임차급여 지급,2021년부터 계속,-,-,중앙부처,30,만 19세 ~ 30세,소득인정액이 중위소득 45퍼센트 이하인 가구내 20대 미혼자녀,제한없음,제한없음,제한없음,제한없음,-,"사용대차가구, 보장시설 거주가구 내 자녀","신청주체 : 수급권자 가구의 가구원 및 그 친척, 기타 관계인이 신청가능 

신청장소 : 주민등록 주소지 읍면동 주민센터 방문접수 또는 <복지로> 인터넷 접수",-,https://online.bokjiro.go.kr/apl/appl/selectServChoise.do?srvId=SVC00000029,-,"대리 신청 시 위임장, 수급(권)자의 신분증 사본 및 대리인 신분증 지참(관할 행정복지센터 방문)",국토교통부 주거복지정책과,LH 주거급여 콜센터,https://www.bokjiro.go.kr/ssis-teu/twatva/wlfareCust/selectWlfareCustSubMain.do,https://www.bokjiro.go.kr/ssis-teu/index.do
신혼부부 주거비용 지원사업,R2021031101350,"신혼부부 가구에 전세대출이자, 월세, 냉난방비 등 주거비용을 지원하여 경제적 부담을 덜고 살기 좋은 주거환경 조성","주거·금융, 주거지원",부부 합산소득에 따라 3년간 월 5만원 ~ 12만원 차등 지원,2017 ~,2021년 모집 여부는 아직 미정이며 추후 거주지 시군 및 읍면동 주민센터 문의 바람,-,강원,44,만 44세 이하,전년도에 혼인신고한 부부 중 도내 6개월 이상 계속 거주하고 있는 기준 중위소득 200프로 이하 무주택 가구,제한없음,제한없음,제한없음,제한없음,"이혼, 전출, 사망 시 지원 중단",주거급여 수급자 지원 제외,거주지 읍면동 주민센터 방문하여 신청서 및 증빙서류 제출,#NAME?,-,"신청서, 혼인관계증명서, 주민등록 등,초본, 건강보험료 납부확인서, 통장사본 등",-,건설교통국 건축과,주관기관과 동일,-,-
청년주거급여 분리 지급,R2021031100930,저소득층 청년 가구에  주거급여를 분리 지급하여 주거안정 기여,"주거·금융, 주거지원",임차급여 지급,2021.01.01.~2021.12.31.,연중,-,대전 동구,29,만 19세 ~ 29세,주거급여 수급가구의 부모와 주거를 달리하는 20대 미혼 청년,제한없음,제한없음,제한없음,제한없음,-,-,-,-,http://www.bokjiro.go.kr,"사회복지서비스 및 급여 제공(변경)신청서, 임대차계약서, 통장사본 등",,동구청 사회복지과 생계주거팀,기초 지자체,http://www.bokjiro.go.kr,-
청년 매입 임대주택 공급,R2021031101822,"높은 주거비, 취업률 감소 등으로 어려움을 겪고 있는 저소득 청년가구에게 안정적으로 거주할 수 있는 임대주택을 매입·공급하여 청년층의 주거안정 도모","주거·금융, 주거지원","대학교 주변의 기존 주택(다가구, 다세대, 오피스텔 등)을 매입하여 무주택 청년에게 시세의 30프로수준의 저렴한 임대주택 공급",2021.01.01. ~ 2021.12.31.,-,-,전북 전주시,39,만 19세 ~ 39세,무주택 미혼 청년(대학생 및 취업준비생),제한없음,제한없음,제한없음,제한없음,"계약기간 : 2년, 2회 연장 가능(최대 6년)",해당 없음,신청서 방문 접수,해당사항 없음,해당 없음,#NAME?,해당사항 없음,전주시청 주거복지과 사회주택팀,-,https://www.jeonju.go.kr/index.9is?contentUid=9be517a76d4e0de4016dd35a85892dd6,https://www.jeonju.go.kr/
중소기업 취업청년 전월세보증금 대출,R2022012401353,중소기업에 취업한 청년들에게 저리의 중소기업 취업청년 전월세보증금을 대출,"주거·금융, 주거지원","- 중소기업에 취업한 청년들에게 1.2퍼센트 이자로 전월세보증금 대출
- 전세금액의 80~100퍼센트 대출, 최대 1억원
   ※ 1년 미만 재직자의 경우 대출한도가 2천만원 이하로 제한될 수 있음
- 이용기간 2년(4회 연장하여 최장 10년 가능)",상시,"상시

 ※ 임대차계약서상 잔금지급일과 주민등록등본상 전입일 중 빠른 날로부터 3개월이내까지 신청

 ※ 계약갱신의 경우에는 계약갱신일(월세에서 전세로 전환계약한 경우에는 전환일)로부터 3개월이내에 신청",-,중앙부처,34,만 19세 ~ 34세,"- 만 19세 이상 ∼ 만 34세 이하 청년 (병역의무를 이행한 경우 복무기간에 비례하여 자격기간을 연장하되 최대 만 39세까지 연장)

- (계약) 주택임대차계약을 체결하고 임차보증금의 5퍼센트 이상을 지불한 자

- 부부합산 연소득 5천만원 이하(외벌이 3천5백만원 이하), 순자산가액 2.92억원 이하 무주택 세대주(예비세대주 포함)

- 중소·중견기업 재직자 또는 중소기업진흥공단, 신용보증기금 및 기술보증기금의 청년창업 지원을 받고 있는 자 

- 임차보증금 2억원 이하 

- 임차 전용면적 85㎡ 이하 주택과 오피스텔

  ※ 상세내용 모집공고 참고",제한없음,제한없음,중소기업 취업자 또는 청년창업자,중소중견기업,"은행영업점

- 우리은행 : 1599-0800

- kb국민은행 : 1599-1771

- IBK 기업은행 : 1566-2566

- 농헙 : 1588-2100

- 신한은행 : 1599-8000","- (주택도시기금대출) 성년인 세대원 전원(세대가 분리된 배우자 및 자녀, 결혼예정 배우자, 배우자의 직계존속과 동거세대를 구성하는 경우 배우자의 직계존속 포함)이 기금 대출을 이용 중이면 대출 불가

- (전세자금대출 및 주택담보대출) 차주 및 배우자(결혼예정 또는 분리된 배우자 포함)가 전세자금대출 및 주택담보대출을 이용 중이면 대출 불가

- (임차중도금대출 중복예외허용) 한국주택금융공사 주택보증서 담보로 취급된 기금 임차중도금(잔금포함) 대출을 이용 중인 대출자가 타 물건지에서 한국주택금융공사 주택보증서 담보로 기금 또는 은행재원 전세대출을 이용하고자 하는 경우

  ※ 상세내용 모집공고 참고","- 기금 e든든 사이트(enhuf.molit.go.kr) 및 은행 영업점에 방문하여 신청접수 

- 전화상담이 필요한 경우 담당자한테 문의",-,http://nhuf.molit.go.kr/FP/FP05/FP0502/FP05020601.jsp,#NAME?,"유의사항

- 대출 취급 후 주택취득이 확인된 경우에는 본 대출금을 상환하여야 함

- 본 대출상품은 2021년 12월 31일까지 신청 가능하며, 생애 중 1회만 이용 가능

- 쉐어하우스 입주자의 경우 본 대출상품 이용 불가

- 본 대출상품은 시중은행 전세자금대출, 제2금융권 전세자금대출 대환 불가

- 본 대출상품은 임차중도금 대출 불가

- 주택도시보증공사 보증서를 담보로 취급된 경우 추가대출 및 대출이용기간 중도 목적물 변경 불가

  ※ 상세내용 모집공고 참고",국토교통부 주택기금과,주택도시보증공사,http://nhuf.molit.go.kr/FP/FP05/FP0502/FP05020601.jsp,http://nhuf.molit.go.kr/
청년 매입임대주택 공급,R2021031100474,"서울시에서 생활하는 저소득층, 저소득 청년층 및 신혼부부의 주거안정을 위해 중앙정부·서울시·서울주택도시공사의 재정과 주택도시기금을 지원받아 서울주택도시공사에서 주택을 매입하여 현 생활권에서 최장 20년까지 거주할 수 있도록 주변시세보다 저렴하게 공급","주거·금융, 주거지원","매입대상: 전용 85㎡이하 다가구, 다세대, 원룸 및 오피스텔(주거용)임대료 : 시세 30~50프로이하임대기간 : 6년, 입주 후 혼인시 20년(최초 2년, 재계약시 2년씩 연장)",2021.01.~2021.12.,개별 공고 참조,"1,400호",서울,39,만 19세 ~ 39세,"무주택요건 및 소득·자산기준을 충족하는 청년* 청년 : 대학생, 취업준비생, 19세∼39세",제한없음,제한없음,미취업자,제한없음,-,개별 공고 참조,"LH공사, SH공사 공고문 확인",-,https://apply.lh.or.kr/LH/index.html#SIL::CLCC_SIL_0030:1010204,개별 공고 참조,-,서울시청 주택정책과,주관기관과 동일,https://housing.seoul.go.kr/site/main/content/sh01_060512,https://housing.seoul.go.kr/
청년을 위한 공적임대주택 공급,R2022012401356,"청년들의 주거복지 실현을 위해 청년공공임대주택(청년행복주택, 청년전세임대주택) 사업 및 청년 공공지원 민간주택임대 사업 실시

 ※ 시세 대비 저렴한 임대료 및 보증금과 안정적인 거주 기간 등 보장","주거·금융, 주거지원","- 청년들의 주거복지 실현을 위해 청년공공임대주택(청년행복주택, 청년전세임대주택) 사업과 청년 공공지원 민간주택임대(청년매입임대_다가구) 사업 실시

- 시세 대비 저렴한 임대료 및 보증금과 안정적인 거주 기간 등을 보장",-,수시 모집 (※ 해당 입주자 모집공고 확인),※ 입주자 모집공고 확인,중앙부처,34,만 19세 ~ 34세,※ 입주자 모집공고 확인,"(공공임대) 사회초년생, 대학생, 취업준비생 

(공공지원민간임대) 무주택 청년",제한없음,"(공공임대 - 청년전세임대) 대학생, 취업준비생",제한없음,-,※ 입주자 모집공고 확인,-,-,https://apply.lh.or.kr/,※ 입주자 모집공고 확인,-,국토교통부 민간임대정책과,LH공사,https://www.lh.or.kr/contents/cont.do,-
신혼부부 임차보증금 지원,R2021031100477,주거마련에 대한 부담 증가로 혼인수가 감소하고 있고 혼인을 하더라도 열악한 주거환경 등으로 인한 출산기피 현상으로 지속적인 출생아수 감소를 줄이고자 주거비 부담을 완화하여 더 나은 주거환경으로의 주거디딤돌 역할을 부여,"주거·금융, 주거지원","주거 마련에 대한 부담 증가로 인한 혼인수 감소, 출산기피 현상 문제를 완화시키고 더 나은 주거환경으로의 주거디딤돌 역할 부여- 주택조건 : 관내 임차보증금 5억 이내 주택 또는 주거용 오피스텔- 대출한도 : 임차보증금 90프로 이내 또는 2억원 중 작은 금액- 지원금리 : 대출금액의 최대 연 3.0프로 이차보전 / 최장 10년- 대출형식 : 한국주택금융공사 보증, 협약은행(국민, 하나, 신한) 대출, 서울시 이차보전",연중 상시,"매일 09:00~24:00 접수(2021. 4. 1.부터) * 일일 신청건수 초과 시 당일 신청은 불가하고, 익일 09:00 신청할 수 있으며 일일 신청건수는 당해연도 예산규모 및 정책환경 등에 따라 달라질 수 있으므로 서울주거포털 공지사항 및 신청페이지에서 확인 가능","10,500세대",서울,999,제한없음,"다음 조건을 모두 만족하는 자 - 서울시민이거나 대출 후 1개월 이내 서울로 전입 예정인 자 - 혼인신고일 기준 7년 이내 신혼부부 혹은 서울시 추천서 신청일로부터 6개월 이내 결혼식 예정인 예비신혼부부 - 부부합산 연소득 9천 7백만원 이하인 자 - 본인 및 배우자 무주택자 - 아래 대상주택에 해당하는 주택의 임대차계약을 체결한 자(동 대출은 본인 및 배우자 포함 신혼(예비)부부 1쌍에게 생애 최초 1회만 지원되며, 조건 충족 시 연장을 통해 최장 10년간 이용 가능)(서울시 역세권 2030청년주택 임차보증금 무이자대출지원을 신청했거나 신청예정인 자는 신청 불가)",제한없음,제한없음,제한없음,제한없음,혼인신고일 기준 7년 이내 신혼부부 혹은 추천서 신청일로부터 6개월 이내 결혼예정인 예비신혼부부,,https://housing.seoul.go.kr 서울주거포털에서 온라인 신청,-,http://housing.seoul.go.kr,"주민등록등본, 가족관계증명서, 혼인관계증명서, 임대차계약서",-,서울시청 주택정책과,주관기관과 동일,https://housing.seoul.go.kr/site/main/content/sh01_0400800,http://housing.seoul.go.kr
청년주택 임대지원,R2021031101773,"사회초년생, 신혼부부, 대학생 등 젊은층에 대한 임대주택 공급 확대로 주거비 부담완화와 취업에 따른 주거불안 해소","주거·금융, 주거지원","행복주택 건설, 저소득계층 임대보증금 무이자지원(최대2천만원이내)",2021.01.01.~2021.12.31.,수시,-,전북,34,만 19세 ~ 34세,"저소득계층, 장애인, 신혼부부, 청년, 대학생, 65세 이상 노인 등",제한없음,제한없음,제한없음,제한없음,"- 행복주택 공급(대학생, 사회초년생, 신혼부부 80프로, 고령자 10프로, 취약계층 10프로)- 저소득계층임대보증금 지원(융자기간 2년, 2회연장가능)",소득기준에 따라 제한,"입주자 모집공고 시 신청, 건물 소재지 읍·면·동 및 시·군 건축 관련부서 방문 신청",#NAME?,http://www.applyhome.co.kr/,#NAME?,해당사항 없음,전라북도청 건설교통국 주택건축과,-,http://www.applyhome.co.kr,http://www.applyhome.co.kr
청년 신용회복 지원(대학생 미취업청년지원),R2022012401360,"채무연체 중인 대학생, 미취업 청년에게 취업 시까지 채무상환 부담을 경감","주거·금융, 주거지원","채무연체 중인 대학생, 미취업 청년에게 취업 시까지 채무상환 부담을 경감",-,-,-,중앙부처,34,만 0세 ~ 34세,"금융회사 채무를 3개월 이상 연체하고 있는 대학생 및 미취업청년

- 「고등교육법」또는 기타 법률에 따라 설치된 각종 대학에 재학 중인 학생 및 대학원생

- 근로의 의사가 있어도 취업하지 못한 만 34세 이하의 미취업 청년","고졸 미만, 고교 졸업, 대학(원) 재학, 졸업생",제한없음,미취업자,제한없음,"채무감면: 이자채권은 전액, 원금채권은 상각채권에 한하여 최대 70퍼센트 범위 내에서 감면

상환유예: 졸업 또는 취업시까지 상환유예를 지원

(대학생)

- 졸업 시까지 채무상환을 유예

- 단, 졸업 후 미취업자에 대해서는 매 6개월 단위로 최장 4년까지 상환유예

(미취업청년)

- 매 6개월 단위로 최장 4년까지 상환유예

(분할상환)

- 최장 10년 범위 내에서 분할상환",-,"신용복지위원회 사이버지부 온라인 신청

신용회복위원회 전국 지부 또는 서민금융통합지원센터 방문 신청",-,https://cyber.ccrs.or.kr,"(대학생) 실명확인증표, 재(휴)학 증명서

(미취업청년) 실명확인증표, 고용보험피보험자격이력내역서",-,금융위원회,신용회복위원회,https://www.kinfa.or.kr/contentsPage.do?menuCode=20060,https://www.kinfa.or.kr/index.do
(한국장학재단-은행권) 대학생 연합생활관,R2021021800226,"대학생들에게 저렴한 비용으로 기숙사를 제공하고, 경제적 여건과 관계없이 주거비용부담 완화
(교육부가 무상으로 부지를 제공하고, 전국은행연합회에서 326억 원의 건축비용을 기부하여 민관의 협력으로 건립)","주거·금융, 주거지원","납부금액: 900,000원 (5개월 기숙사비 750,000원, 보증금 150,000원)
- 가상계좌(기업, 신한, 우리, 하나) 입금 또는 신한카드(무이자 2~3개월) 결제 가능
* 단, 생활관비 납부 후 입주일인 2021. 9. 24.(금) 이전에 입주를 포기하는 경우 추가 충원 전까지 공실발생에 따른 손해보전을 위해 해당학기 전체 기숙사비에 위약금 5%(37,500원) 공제 후 환급",수시,"정기모집 : 매년 1월(1학기), 7월(2학기) 모집

수시모집 : 공실 발생 시 매월 공고 예정",-,중앙부처,999,제한없음,"대상대학: 대한민국에 소재한 국내대학(원) 
 - 고등교육법 제2조 제1호 내지 제4호에 해당하는 학교(대학, 산업대학, 교육대학, 전문대학)
 - 국립대학법인 서울대학교 설립 및 운영에 관한 법률(서울대)
 - 국립대학법인 인천대학교 설립 및 운영에 관한 법률(인천대)
 -「평생교육법」제31조제4항에 따른 전공대학(백석예술대학, 국제예술대학, 정화예술대학 등)
 - 고등교육법 제29조에 따라 설치된 대학원(단, 원격대학 및 사이버대학의 대학원은 제외)

입주대상:  대한민국 대학(원)(상기 대상 대학)에 입학 예정 또는 재적 중인 대학생(외국인 포함)",대학 재학,제한없음,제한없음,제한없음,"선발 우선순위

 - 1순위 은행연합회 추천자

 - 2순위 주거장학금 지원 대학(원)·지자체 소속/출신

 - 3순위 일반지원자

 - 4순위 서울·고양 거주자(보호자 주민등록지)

 - 5순위 지방대생

 - 6순위 외국인



동일순위 내 세부 선발기준

 (1순위) 학자금 지원구간 낮은 순

 (2순위) 학년 낮은 순

 (3순위) 제1호 연합기숙사와 대학 소재지 간 근거리 순

 (4순위) 보호자 주민등록등본 상 주거지와 대학소재지 간 원거리 순

   ※ 4순위까지 동 순위자 발생 시 재단 홈페이지 상 입주신청일이 빠른 순서로 선발","기숙사의 원활한 운영 및 관리를 위해 입주 제한

 - 원격대학, 기술대학에 재학 중인 자

 - 학칙에 의하여 유기정학 이상의 징계처분을 받은 자

 - 전염성 질환자 또는 보균자

   ※ 기숙사 입주 시 ‘건강진단서’ 제출 필요(흉부X선촬영(결핵) 등)하며, 공동생활에 치명적 영향이 없는 비활동성 질환자 및 보균자는 입주 가능

 - 졸업, 제적 등 소속대학의 재적 중이 아닌 자

 - 강제퇴실 이력이 있는 자

 - 신청정보 허위 기재 및 제출서류를 위조한 이력이 있는 자

 - 공동생활 불가능한 정신적 장애를 지닌 자(전문의 소견(진단)에 따라 공동생활 가능자는 선발 가능)

 - 기타 공동생활을 영위하기에 부적당하다고 위원회에서 인정하는 자",홈페이지 > 생활관 > 마이페이지 > 입주신청,-,http://www.kosaf.go.kr,"- 대학교 재학증명서(제출일 기준 7일 이내 발급분)
- 입주 서약서 1부 (입주 시 작성)
- 생활관 입주 해당 학기 재학증명서 1부
  ※ 제출일 기준 7일 이내 발급분
- 생활관 입주용 건강진단서 1부
  ※ 보건소나 병원에서 발급 가능(필수 항목 : 결핵)
  ※ 제출일 기준 14일 이내 발급분(코로나 감염 예방을 위하여 반드시 2주 이내 검사한 결과에 한함)
- 보호자(부모님)의 주소가 기재된 주민등록등본 1부
  ※ 필요 시 가족관계 증명서 등 추가 요청 가능
  ※ 제출일 기준 30일 이내 발급분
- 코로나 19 PCR 검사 결과
  ※ 문자 캡처한 출력본 가능
  ※ 제출일 기준 14일 이내 검사 결과분",-,한국장학재단,한국장학재단,https://www.kosaf.go.kr/ko/notice.do?mode=view&searchStr=&searchType=&page=1&ctgrId1=0000000009&ctgrId2=&seqNo=12654,https://www.kosaf.go.kr/ko/main.do
집주인 임대주택 사업,R2022012401354,"주택도시기금 지원, 세금감면 등 공공지원을 바탕으로 민간이 소유한 주택을 LH에 위탁임대하고, LH는 대학생, 독거노인 등에게 저렴(시세 85퍼센트 수준)하게 공급 및 운영","주거·금융, 주거지원","대학생, 독거노인 등에게 저렴(시세 85퍼센트 수준)하게 공급",-,-,-,중앙부처,39,만 19세 ~ 39세,"입주자모집공고일(2021.02.04) 현재 무주택자 (공급대상주택에 전입신고할 세대원은 전원 무주택)
- 1순위 (대학생,독거노인, 고령자 세대)
- 2순위 (대학원생, 취업준비생, 사회초년생)
- 대학생 계층인 입주자가 거주 중 사회초년생, 대학원생 또는 취업준비생 계층의 자격을 갖추는 경우에는 변경된 공급대상 계층으로 계약을 갱신 할 수 있음.",제한없음,제한없음,제한없음,제한없음,-,"- 방송대학·통신대학·방송통신대학 및 사이버대학 등 원격대학, 사내대학, 대학원, 대학원대학은 제외
- 다음 학기에 입학 예정인 대학생으로 공급신청한 자가 입학 후 1개월 이내에 입학증명서 또는 등록금납부 확인서를 제출하지 않을 경우에는 계약을 취소함
- 다음 학기에 복학 예정인 대학생으로 공급신청한 자가 복학 후 1개월 이내에 재학증명서를 제출하지 않을 경우에는 계약을 취소함",- LH 청약센터(인터넷 https://apply.lh.or.kr) → 인터넷청약 → 청약신청(매입임대/전세임대)→ 집주인임대,-,http://nhuf.molit.go.kr/FP/FP06/FP0602/FP06020901.jsp,-,-,국토교통부 주택정비과,한국토지주택공사,https://apply.lh.or.kr/LH/index.html?Sls#SIL::CLCC_SIL_0030:1010203,https://apply.lh.or.kr/LH/index.html?Sls#MN::CLCC_MN_0010:
금천 청년 주거상담 서비스,R2021031100676,금천구 전입청년의 안정적 지역정착 및 주거마련을 위한 주거복지 서비스 지원,"주거·금융, 주거지원",- 주거전문가와 1:1 대면상담(ex. 금천구에서 거주 및 활동하거나 전입예정인 청년) - 대면상담은 사전 예약자에 한하여 1:1로 진행 - 금천청년주거상담 카톡채널을 통한 온라인 상담 - 주거전문가의 동행서비스(ex. 부동산 방문 및 계약시),2021.01.01.~2021.12.31.,-,-,서울 금천구,39,만 19세 ~ 39세,만19세~39세 서울시 거주 청년,제한없음,제한없음,제한없음,제한없음,-,제한없음,금천청년주거상담 카톡채널을 통한 예약 또는 전화예약,-,-,-,-,금천구청 아동청년과,청춘삘딩,http://www.youthblg.org/news/news/update?boardMstSeq=284=1,http://www.youthblg.org/
중소기업 청년근로자 기숙사 임차비 지원사업,R2021021803397,중소기업 근로자의 주거안정 및 생활안정을 통한 인력수급 애로 해결,"주거·금융, 주거지원","사업주(근로자)가 관내 아파트 등을 임차하여 기숙사로 사용하는 경우, 임차에 소요되는 임차료의 80퍼센트이내 지원(1인당 월 30만원 한도)",2021.04.01.~2020.12.31.,-4월 공고예정-월단위로 신청(매월20일까지 접수된 신청서에 한함),50명 정도,경북 상주시,45,만 45세 이하,관내 만 45세이하 청년근로자,제한없음,제한없음,재직자,중소(중견)기업 취업,-,-,방문 또는 우편 제출- 신청서류를 경상북도경제진흥원 및 상주시청 홈페이지 공지사항에서 다운로드하여 작성후 방문 또는 우편 제출,-,방문 또는 우편신청,기숙사 임차 지원사업 참여신청서 등 다수- 경상북도경제진흥원 및 상주시청 홈페이지 참조,-,상주시청 경제기업과 기업지원팀,(재)경상부도 경제진흥원,-,-
"귀농인 주택수리비, 신축설계비 지원사업",R2021031101875,"은퇴자와 청년 귀농인의 안정적 정착을 도모코자 지원, 귀농인의 안정적 농촌정착을 유도하고 우수 농업경영인력으로 육성","주거·금융, 주거지원",수리비 : 1세대 당 500만원 이내 지원설계비 : 1세대 당 400만원 기준 50프로 지원,1월 ~ 12월,연중신청(예산한도내),10세대,전북 정읍시,65,만 19세 ~ 65세,"타 시군 농어촌이외의 지역에서 1년 이상 거주 및 다른 산업에 종사 하다가 농업경영을 주목적으로 우리 시에 가족이 단독세대를 구성하여 전입한 만65세 이하의 자로써, 실제 영농에 종사하는자귀농교육 100시간이상 이수한자",제한없음,제한없음,제한없음,제한없음,-,해당없음,사업 신청,서류 검토 > 실태조사 > 선정심의 > 사업추진,해당없음,"신청서, 주민등록등본, 수리비 또는 설계비 내역 등",해당사항 없음,정읍시청 농업정책과,정읍시 귀농귀촌팀,해당사항 없음,해당사항 없음
쉐어하우스 운영,R2021031101686,예산군으로 귀농하고자 하는 예비 귀농귀촌인에게 주거공간 지원,"주거·금융, 주거지원",주거공간 지원,연중,결원 발생시 수시 공고,2명,충남 예산군,40,만 20세 ~ 40세,예산군으로  귀농을 희망하는 예비 귀농귀촌인,제한없음,제한없음,제한없음,제한없음,해당없음,해당없음,방문접수,개별통보,없음,입주계약서 및 주민등록 초본 제출,해당없음,농업기술센터 기술보급과,-,https://yesan.go.kr/farm.do,
울산 신혼부부 주거지원 사업,R2021021803487,"신혼부부의 주거비 부담을 완화하여 혼인기피, 출산포기 등 저출생의 주요 원인을 극복하고 내집마련의 마중물 역할 제공","주거·금융, 주거지원",임대료 및 관리비 5만원~35만원 지원,2020.04.01.~2030.12.31.,2021.03.~상시 접수,"1,300가구",울산,39,만 19세 ~ 39세,공공임대주택 거주 혼인기간 10년 이내의 신혼부부가구,제한없음,제한없음,제한없음,제한없음,-,주거급여 수급자 및 울주군 신혼부부 주거지원 사업 대상자,읍면행정복지센터 방문하여 신청 작성 및 구비서류 제출,- 사업 수행 기관 심사 후 익월 25일 첫 급여 지급(급여 지급일은 매월 25일),-,"신청서, 서약서, 등본, 공공임대주택표준계약서, 개인정보제공동의서, 혼인관계증명서, 가족관계증명서, 통장사본 등",-,건축주택과,-,http://www.bokjiro.go.kr/welInfo/retrieveGvmtWelInfo.do?welInfSno=17057,https://www.ulsan.go.kr/
청년 및 서민 주거안정을 위한 공공주택 공급확대,R2021031100841,도민 수요에 맞는 안정적인 공공주택 공급 확대로 주거안정 도모,"주거·금융, 주거지원","2021년 공공임대주택 공급(입주자모집) : 164세대(건입동 144, 안덕화순 20)",2021.01.01.~2021.12.31.,공고 시,164세대,제주,39,만 19세 ~ 39세,"1. 청년 계층- 사회초년생 : 소득이 있는 업무에 종사한 기간이 총 5년 이내이며, 아래의 하나에 해당하는 자
- 소득이 있는 업무에 종사하는 자
- 퇴직한 후 1년이 지나지 않은 사람으로서 구직급여 수급자격을 인정받은 자
- 예술인
2. 신혼부부,한부모가족 계층, 신혼부부 : 공고일 현재 혼인중이며 혼인기간이 7년 이내인 자
- 예비신혼부부 : 입주 전까지 혼인사실을 증명할 수 있는 자
- 한부모가족 : 만6세 이하(태아포함) 자녀를 둔 한부모인 자
3. 주거급여수급자: 무주택기간이 계속하여 1년 이상인 제주특별자치도에 거주하는 주거급여수급권자 또는 주거급여수급자
4. 고령자 : 무주택기간이 계속하여 1년 이상인 제주특별자치도에 거주하는 만 65세 이상의 자",제한없음,제한없음,제한없음,제한없음,"- 상기 신청자격에 따라 임대조건이 달리 적용되므로 해당 신청자격별 세부기준을 확인 후 신청 요망
- 신청서 및 첨부 서류 등 작성하는 서류에 오기 또는 변경으로 인한 미통보 등으로 발생하는 불이익에 대한 책임은 신청자 본인에게 있음
- 상기 행복주택은 공급대상자에 따라 최대 거주기간 제한이 있는 임대주택이며 분양전환 되지 않음",-,"제출 서류 준비하여 제주특별자치도개발공사로 현장 접수
*제주시 첨단로330(영평동, 세미양빌딩) 제주특별자치도 개발공사 임시사무연구동
*상기 주소는 임시사무실로 주소 차후 변경 될 수 있으니 신청시 공고문 확인 바랍니다.","당첨자 발표 : 제주특별자치도개발공사 홈페이지(http://www.jpdc.co.kr/) - 공지사항
*당첨자발표는 사회보장정보시스템 자격검색 처리기간에 따라 연기될 수 있음",방문접수,"개인정보수집이용 및 제3자 제공 동의서, 금융정보 등 (금융,신용,보험정보) 제공 동의, 자산 보유 사실확인서
주민등록표등본(반드시 세대구성 사유 및 일자, 세대주와의 관계, 세대주 및 세대원 전원의 주민등록번호, 전입일, 변동일 등이 전부 표기되도록 발급)
주민등록표초본(반드시 과거 주소변동사항, 세대주 성명 및 관계 등이 전부 표기되도록 발급)
가족관계증명서, 신분증 사본
*공급대상자별로 추가 제출서류 확인하여 준비","- 문의처 : 064-780-3595, 3592
- 인터넷 : 제주특별자치도개발공사 홈페이지 (http://www.jpdc.co.kr)
- 주소 :  (63309) 제주특별자치도 제주시 첨단로 330(영평동, 세미양빌딩) C동 102호 주거복지팀",제주특별자치도 건축지적과,제주개발공사,http://www.jpdc.co.kr/,-
ZERO주택 공급 사업,R2021021802457,주거지원이 필요한 청년계층 등을 위한 맞춤형 공공주택 공급으로 주거안정 도모 및 주거복지 향상,"주거·금융, 주거지원","젊은 계층의 주거안정 도모 및 주거복지 향상을 위한 공공주택 공급- 주택단지 내 어린이집, 공동육아나눔터 등 입주자 맞춤형 주민공동시설 확보",2015.11.01~계속,-,"1,316호",경기 부천시,999,제한없음,"청년(만 19세~만 39세) 및 신혼부부, 고령자, 주거급여 수급자 등",제한없음,제한없음,제한없음,제한없음,-,-,부천시 도시재생과 문의,-,-,-,-,부천시청 도시재생과,주관기관과 동일,https://bucheon.go.kr/site/main/index148,-
청년 주거급여 분리지급,R2021021803832,청년기초생활수급자의 주거비용을 지원해줌으로서 취직준비등에 집중할수있도록 지원해주는 정책,"주거·금융, 주거지원","1. 임차가구 : - 1인(163,000)- 2인(183,000)- 3인(217,000)4인(253,000)2. 자가가구:- 경보수(457만원)- 중보수(849만원)- 대보수(1,241만원",2021.01.01~2021.12.31.,상시,제한없음,경남 창녕군,30,만 19세 ~ 30세,신청가구의 소득과 재산을 반영한 소득인정액이 가구별로 아래 금액 이하인 가구,제한없음,제한없음,제한없음,제한없음,-,"기초생활수급자가 아닌자,기혼자녀(19세이상30세미만)",읍면사무소방문,"주민복지과 통합조사팀 심사진행(30일 소요),매월 20일 급여지급",https://www.myhome.go.kr,1. 통장사본2. 분리거주사실확인증빙서류3. 청년주거급여분리지급신청서4. 사회보장급여제공신청서5. 임차가구임을 증빙할수있는서류6. 최근3개월 내 임차료증비서,"매월 20일, 청년명의의 지정계좌로 별도 지급",창녕군 도시건축과,해당없음,http://bokjiro.go.kr/nwel/welfare/file/retireveFileDetail.do?board_sid=6527063&data_sid=6698445,http://bokjiro.go.kr/
청년 임대주택 임대보증금 지원사업,R2021031101861,소득력이 부족한 청년계층의 주거불안해소를 위해 임대주택에 거주할 수 있도록 임대보증금을 지원하여 젊은 세대의 주거안정 및 주거복지 향상 기여,"주거·금융, 주거지원","- 익산시 인화행복주택 입주 계약 시 임대보증금 무이자 지원- 지원규모 : 임대주택 전입 시 최대 2천만원(계약금 본인부담)- 지원기간 : 2년(연장 2회, 최대 6년)",2020.01.01.~2020.12.31.,연중 수시신청,,전북 익산시,29,만 15세 ~ 29세,익산시에 거주하는 무주택 가구로서 행복주택 입주 예정인 청년(대학생) 및 신혼부부 계층,제한없음,제한없음,제한없음,제한없음,-,해당 없음,입주희망자가 한국토지주택공사와 임대차 계약 체결한 후 신청,개별 연락,해당 없음,1. 주민등록등본 1부.2. 입주예정 아파트 임대차계약서 원본 1부.3. 계약금(본인부담금 등) 납입영수증 1부.4. 인감증명서 1부.5. 인감도장.6. 신청인 신분증7. 혼인관계증명서(상세) 1부(신혼부부일 경우만 해당).,-사업대상자로 선정 후 타 자치단체로 주민등록을 이전시 지원 중단-월임대료 및 관리비를 3개월이상 납부하지 아니한 경우에는 임대보증금을 회수-임대보증금을 지원받은 자가 다른 주택을 소유하거나 입주자격이 상실하는 자는 회수,익산시청 주택과,-,https://apply.lh.or.kr/,해당사항 없음
신혼부부 임대주택 주거비 지원,R2021021803106,"저출산 시대에 신혼부부에게 결혼초기 주거비를 지원하여 경제적 부담을 안화함으로써, 안정된 주거정착을 유도하고, 나주시 인구 늘리기를 위한 결혼, 출산 장려 사업으로 무주택 신혼부부 가정에 주거비 지원","주거·금융, 주거지원","- 지원금액: 중위소득 100%이하 15만원/월, 중위소득 150%이하 12만원/월
- 지원기간: 대상자 선정 후 2년간 지급(반기별 4회)",2021.01.01.~2021.12.31.,연중(혼인신고일로부터 6개월 이내 부부 중 한명이 신청),140명,전남 나주시,49,만 0세 ~ 49세,"- 혼인신고일 당시 부부 모두 만 50세 미만 무주택자
- 중위소득 150%이하(주거급여 지원 대상자 제외)
※ 혼인신고일 전 부부 중 한명이 1년 이상 계속하여 나주시에 주민등록을 두어야 하고, 주거비 신청 시 부부 모두 나주시에 주민등록을 두고 거주하여야 함",제한없음,제한없음,제한없음,제한없음,-,-,주소지 읍면동행정복지센터 방문 신청,"소득, 재산, 결혼, 연령 등을 확인하여 선정 여부 결정",주소지 읍면동행정복지센터 방문 신청,"①신혼부부 임대주택 주거비 지원사업 신청서 
②임대차계약서
③(부부의)주민등록등본(주소변동 포함) 
④(부부의)건강보험료 납부확인서
⑤(부부의)가족관계증명서 
⑥혼인관계증명서 
⑦수급자 통장사본",문의처: 나주시 건축허가과(☎ 061-339-7241),나주시청 건축허가과,-,https://www.naju.go.kr/www/administration?mode=view&idx=67882,https://www.naju.go.kr/najuyouth/policy/business?idx=63317&mode=view
행복주택 건립 사업,R2021021803913,청년 계층의 주거안정을 목적으로 저렴한 임차료로 입주가능한 행복주택 건립 사업을 통해 청년 계층의 주거복지 지원,"주거·금융, 주거지원",월 15만원 이하의 임대료로 안정적인 주거 환경 제공,2021.01.01.~2021.12.31.,결원 발생에 따른 추가 상시 추가 공고,23세대,경남 함양군,39,만 19세 ~ 39세,만19세이상 만39세이하인 2020년 도시근로자 월 평균 소득 150퍼센트 이하인 자 무주택자,제한없음,제한없음,제한없음,제한없음,-,"주택소유자, 월 평균 소득이 2,116,117원 초과인자, 자산가액이 합산기준 23,700만원 초과인 자",입주자 모집 공고시 지원,"무주택,소득, 자산 검증 후 입주자 선정 발표",-,"청약신청서, 국민연금 가입증명서 등",-,함양군청 민원봉사과 행복주택TF,해당없음,https://www.hygn.go.kr/media/00111/00112.web?gcode=1001&idx=877524&amode=view&stype=title&sstring=%ED%96%89%EB%B3%B5%EC%A3%BC%ED%83%9D&cpage=1,https://www.hygn.go.kr/
소호형 주거클러스터 조성사업,R2021021802385,청년 창업인과 지역전략산업 종사자의 안정적인 주거 복지망 확충,"주거·금융, 주거지원",지역전략산업 및 창업지원주택 입주자 추천,2019.01.01.~2025.12.31.,조성사업 수행시,"1,059명",경기 성남시,39,만 19세 ~ 39세,성남시에 사업장을 둔 성남시 전략산업 (예비)창업자 및 해당 기업 종사자,제한없음,제한없음,"재직자, 자영업자",성남시에 사업장을 둔 성남시 전략산업 (예비)창업자 및 해당 기업 종사자,관계법령에서 정한 입주자격 충족시 2년 단위로 계약 갱신 가능,LH요건 미충족자,성남시청 아시아실리콘밸리담당관 방문 신청성남시청 홈페이지 접속하여 공고문 및 신청서류 양식 다운구비 서류 양식 작성 및 증빙서류 구비방문 신청,성남시에서 입주대상자를 LH로 추천LH는 최종 입주자를 선정,-,창업지원주택 입주 추천신청서 등,LH 요건- 미혼인 경우 신청자는 무주택요건 적용(혼인중인 경우는 무주택세대구성원 적용)- 전년 도시근로자 가구당 월평균 소득 100퍼센트 이하인 자- 세대 총 자산가액 합산기준 이하인 자- 주택청약종합저축 가입사실 증명 가능한 자,성남시청 아시아실리콘밸리담당관,주관기관과 동일,-,-
지역주도형 청년일자리사업 주거 등 지원,R2021021803850,"지역주도형 청년일자리사업 참여청년의 주거비, 건강검진비 지원","주거·금융, 주거지원",주거비 등 지원,2021.01.01.~2021.12.32,모집공고 명시,75명,경남 고성군,39,만 18세 ~ 39세,만 18세에서 39세 사업참여청년,제한없음,제한없음,미취업자,제한없음,,사업참여전 전입자 제외,서류 구비 후 방문 접수,,,"신청서, 등본, 입금내역서 등",,고성군청 군정혁신담당관,해당없음,,
대학생 생활안정지원,R2021021803622,"관내 청년(대학생)가구의 주거안정 도모, 관내 청년인구 증가 촉진","주거·금융, 주거지원","연 36만원 지원(분기별 지급)- 3개월 이상 전입 유지 시(최대 3년, 분기별 9만원 지급)* 2020년부터 지원금을 모바일 창원사랑상품권으로 지원",2021.02.~2021.12.,연중,"1,000명",경남 창원시,999,제한없음,타 시군에서 1년 이상 거주 후 창원시에 주민등록 전입한 창원시 관내 대학교(대학원)재학 중인 청년 가구,"대학교, 대학원 재학",제한없음,제한없음,제한없음,,-,주소지 행복주민센터 방문신청- 심사- 지원,선정대상자 공고 게시,-,"신청서, 통장사본, 재학증명서(건강보험 지역가입자일 경우)",-,창원시청 기획예산실 기획관,해당없음,https://changwon.go.kr/ingu/policy/list.do?mId=0400000000&idx=501&fieldType=7,https://www.changwon.go.kr/
우리마을어울림터사업 (반값임대주택),R2021031101173,"주택 소유자와 협약하여 빈집을 리모델링하고 지방 대학생, 신혼부부, 저소득 주민 등 시민들에게 3년 이상 주변 시세의 반값으로 임대하도록 하는 사업","주거·금융, 주거지원","1. 주택소유자: 총공사비의 3분의2 지원  (1인당 최대 18백만원까지, 초과분 소유자부담)
2. 임차인(대학생 등): 주변시세의 반값으로 임차",2021.1.1.~2021.12.31.,공고기간(연중 공급주택 발생 시),모집 세대별로 신청을 받아 선정(복수신청 불가),부산 사하구,999,제한없음,부산지역 고등학교 또는 대학(교)에 재학 중인 학생(1순위),부산지역 고등학교 또는 대학(교)에 재학 중인 학생,제한없음,제한없음,제한없음,-,-,"1. 사하구청 건축과 직접방문
2. 우편 또는 팩스로 신청(팩스 신청 시 반드시 유선으로 확인)
*증빙서류 첨부",공고 종료일에 추첨 및 발표,-,학생증 사본 또는 재학증명서,-,사하구 건축과,-,https://www.saha.go.kr/dadae1/bbs/view.do?mId=0501000000&bIdx=120373&ptIdx=539,http://www.saha.go.kr
청년 정주 환경 조성,R2021031101906,청년이 거주할 수 있는 정주공간 조성을 통한 살자리 제공,"주거·금융, 주거지원",청년 살자리 제공,2021~2022,계획미수립,-,전북 남원시,39,만 19세 ~ 39세,제한없음,계획미수립,계획미수립,계획미수립,계획미수립,계획미수립,계획미수립,계획미수립,계획미수립,해당없음,계획미수립,계획미수립,남원시청 도시과,주관기관과 동일,해당없음,해당없음
청년 디딤돌 주거안정 지원,R2021021803139,건전한 인구구조 형성과 인구절벽에 직면한 위기를 극복하고 청년인구 유출 방지를 위해 청년이 거주하는 주택의 월 임대료 일부 지원,"주거·금융, 주거지원","신청일 직전 1년간 월 임대료의 50프로, 최대 10만원(연 120만원) 지원",2021.01.01.~2021.12.31.,연중 상시 접수,30명,전남 고흥군,49,만 19세 ~ 49세,"본인의 주민등록 주소지가 고흥군이면서 6개월 이상 거주한 자, 전년도 1년 평균 본인 가구소득인정액이 기준중위소득 150프로 이하인 가구",제한없음,제한없음,제한없음,제한없음,부당한 방법으로 지원금을 수령한 경우 즉시 환수,정부(지자체) 주거급여 사업대상자 제외,주민등록지 읍면사무소 방문 신청,자격요건 심사사업대상자 선정사업확정 대상자 읍면 통보,http://www.goheung.go.kr,"1. 사업신청서2. 주민등록초본3. 건강보험료 납부확인서 및 자격확인서4. 임대료 납부확인서, 임대차 계약서, 지방세 납부증명서5. 통장사본",해당사항 없음,고흥군청 인구정책과,-,http://www.goheung.go.kr,-
햇살둥지사업,R2021031101029,"빈집(공가)의 장기간 방치로 인한 폐가화를 사전 방지하고, 공가를 새로운 주거공간으로 재창출하여 지방학생과 신혼부부 및 저소득 서민 등 취약 계층의 주거비 부담 경감","주거·금융, 주거지원","- 리모델링 : 총 공사비의 2/3 범위 내에서 동당 최고 18백만원 지원 (총사업비 27백만원 이상이면 최대 18백만원 한도까지 지원(초과비용은 건물주 개인부담))- 반값임대 : 공가를 리모델링하여 주변시세의 반값에 3년간 전 월세·임대  * 전월세 반값 개념 : 개별 세입자의 전월세 합계액이 주변시세의 반값을 넘지 않는 금액- 공급방법 : 협약체결(관할구청장-임대자 간), 반값계약(임대자-입주자 간), 주택임대차계약서 작성 - 임대기간 : 3년(최초 임대계약일로부터)- 사업대상 : 단독공가, 부분공가, 현재 공가인 다세대주택 · 다가구세대 · 연립주택 · 아파트 등 (부분공가의 개념 : 단독주택중 일부거주 일부공실인 경우)",2021.01.01.~2021.12.31.,연중,68동,부산,34,만 18세 ~ 34세,"입주대상 : 지방학생, 신혼부부, 문화예술인 창업가, 저소득 주민 등(경합시 공개추첨)- 1순위: 지방 대학생(고교생 포함), 신혼부부(예비, 3년이내), 문화예술인·창업가(예술가 레지던스, 마을작업장에 한함)- 2순위: 수급자, 차상위, 한부모가정, 사회초년생, 다문화·다자녀·조손가정, 독거노인- 3순위: 최초 입주자 공모 신청자가 없거나 장기 미입주 또는 협약기간내 입주자 변동 시 일반인 입주 가능",제한없음,제한없음,제한없음,제한없음,-,-,수요조사(市) - 신청 접수(區) - 현장확인(區) - 협약(區소유자) - 예산신청(區) - 예산교부(市) - 계약공사(건물주)→준공구군 사업공고 확인,-,-,-,-,부산광역시청 도시균형재생국 도시재생정책과,-,https://www.busan.go.kr/build/ahnestsunshine01,https://www.busan.go.kr/build/index
신혼부부 전세자금 대출이자 지원사업,R2021021802660,주거약자인 일정 소득 이하 무주택 신혼부부 가정에 전세자금 대출이자를 일부 지원하여 주거안정과 삶의 질 향상에 기여,"주거·금융, 주거지원",주택전세자금 대출잔액의 1퍼센트 범위내에서 최대 100만원 지원,2021.08. ~ 2021.10.,-,100여가구 (예산 범위 내 지원),경기 용인시,999,제한없음,"- 관내 거주 무주택 신혼부부로 금융권에서 주택전세자금을 대출받은 가정- 가구 중위소득 180퍼센트 이하, 전세보증금 3억원 이하",제한없음,제한없음,제한없음,신혼부부,대출기간 중 1회에 한하여 지원,"소득초과자, 주택소유자, 기초생활수급자, 공공임대주택 거주자, 유사 사업에 기지원받은 자",거주지 관할 읍면동 행정복지센터- 용인시청 홈페이지 접속하여 신청서 등 양식 다운로드- 구비 서류 작성 및 증빙서류 구비- 거주지 관할 읍면동 행정복지센터 방문하여 신청,-,-,"[필수]지원신청서, 서약 및 동의서, 주민등록등본, 혼인관계증명서, 임대차계약서, 대출잔액 확인 서류, 지방세 세목별(재산세) 과세증명서, 건강/장기요양보험 납부확인서, 건강보험 자격득실 확인서, 통장사본 및 신분증 사본[필요시]주민등록초본, 가족관계증명서, 장애인증명서, 임신진단확인서, 건강보험자격확인서, 월급명세서",-,용인시청 주택국 주택과,주관기관과 동일,https://www.yongin.go.kr/index.do,-
맞춤형 청년주택 지원사업,R2021021803692,청년들의 안정적인 자립기반과 지역정착을 지원하기 위하여 청년주택을 신축하여 저렴한 임대료로 임대,"주거·금융, 주거지원",청년주택을 신축하여 저렴한 시세로 청년에게 공급,2020.11.~2022.02.,추후 일정 확정 예정,청년임대주택 12실,경남 사천시,39,만 18세 ~ 39세,만 18세~39세 청년 등,제한없음,제한없음,제한없음,제한없음,-,-,추후 일정 확정 예정,추후 일정 확정 예정,http://www.sacheon.go.kr,-,-,사천시청 혁신법무담당관,해당없음,-,http://www.sacheon.go.kr
사회주택 공급,R2021031100473,"전월세난 지속에 따른 민간 임대주택 확대가 필요한 상황에서 1인 가구 증가, 청년세대의 주거비 부담 문제 등을 해결하기 위해 주거안정과 주거권을 보장하는 지속가능한 주거대안","주거·금융, 주거지원",민간에서 공급하는 주택보다 저렴하게 공급(시세의 80퍼센트)안정적인 거주기간 보장(최장 10년 거주 가능)지역주민이 함께 이용 가능한 공간 조성과 커뮤니티 특화 프로그램 운영,2021.01.~2021.12.,개별 공고 참조,"1,000호",서울,999,제한없음,"청년, 신혼부부 등 사회경제적 약자 대상 공급* 무주택자, 도시근로자 월평균소득 70프로(1인)~100프로 이하(2인)",제한없음,제한없음,제한없음,제한없음,-,개별 공고 참조,"1.입주자 모집공고  - 사업주체, 지자체 홈페이지 등을 통해 입주자 모집공고2.신청  - 입주희망자는 사업주체가 정한 방법으로 신청서 작성 및 관련서류 제출(인터넷 접수 또는 방문접수)3.입주자 선정 및 확인  - 서울주택도시공사에서 무주택 여부, 소득 및 자산 충족여부 등 확인 - 사업주체의 홈페이지 등을 통해 당첨자 명단 발표 - 모집 호수의 일정비율을 예비입주자로 선정4.임대차 계약 체결  - 입주가 확정된 세대는 사업주체가 지정한 장소에서 임대차계약 체결(예비입주자는 입주예정자의 미계약 또는 해약시 순위에 따라 계약체결) 5.입주  - 잔금납부 후 입주 가능",-,https://soco.seoul.go.kr/soMap.do,개별 공고 참조,-,서울시청 주택공급과,주관기관과 동일,https://soco.seoul.go.kr/sohousingIntro.do,http://soco.seoul.go.kr/soHouse/index.do
"충남 대전, 서울학사관 운영",R2021031101511,"도민의 자녀로서 충남,대전,서울 소재 대학생들의 정주여건을 제공하여 학비부담 경감 및 면학환경 조성","주거·금융, 주거지원","1. 숙박 및 급식 제공
2. 동아리활동 지원
3. 취업교육 및 면학환경 제공",2021.1.~12.,매 학기 전,524명,충남,29,만 20세 ~ 27세,공고시 1년 이상 충청남도 주민등록자,"대학 재학, 대졸 예정",제한없음,제한없음,"저소득층, 지역인재",-,-,"1. 신청 홈페이지에 접속하여 신청서 작성
2. 구비 서류 양식 작성 및 증빙서류 구비
3. 재단 홈페이지 신청",선발위원회 심사 후 최종합격자는 홈페이지에서 공지,"https://www.cninjae.or.kr/kr/html/sub04/040302.html
https://www.cninjae.or.kr/kr/html/sub09/090201.html","1. 입사신청서 2. 재학증명서 3. 건강보험료 납부확인서
4. 성적증명서  5. 등본, 건강진단서 등",-,기획조정실  교육법무담당관,(재)충남인재육성재단,-,https://www.cninjae.or.kr/
남도학숙 운영 지원,R2021031101242,수도권에 유학중인 우리지역 출신 대학생들에게 편의 제공 및 지원,"주거·금융, 주거지원","1. 지원 내용- 서울시 내부에 위치한 기숙사 학기별 64만원(월 16만원×4개월)에 제공- 제1남도학숙과 제2남도학숙 중 선택하여 한 곳만 지원가능2. 학숙별 위치- 제1남도학숙(동작) : 서울특별시 동작구 여의대방로 44길 46- 제2남도학숙(은평) : 서울특별시 은평구 은평로 21길 523. 동작관 850명, 은평관 604명 규모 기숙사 제공(단, 광주는 727명 정원)신규입사시 입사비 10만원 부담4. 제2남도학숙은 장애인실(4실, 1인 1실) 보유, 학생 본인이 해당될 경우만 지원 가능5. 선발평가 기준- 신입생 : 생활정도 100점(건강보험료 월평균 고지금액)- 재학생 또는 대학원 : 학업성적 30점(전체학년 평균평점), 생활정도 70점(건강보험료 월평균 고지금액)- 선발인원  : 362명",2021.01.01.~2021.12.31.,"정기모집(1년 1회, 12월 말~1월 초)수시모집(2~10월)",362명,광주,999,제한없음,"- 서울특별시, 인천광역시, 경기도 소재 전문대학 또는 대학교 또는 대학원에 신입 또는 재학중이면서, 공고일 현재 보호자가 광주광역시 또는 전라남도에 주민등록을 둔 자- 공고일 현재 보호자의 주민등록이 광주광역시 또는 전라남도인 사람- 서울특별시, 인천광역시, 경기도 소재 대학/ 대학교 신입생, 재학생, 대학원생(석사)으로, 고등교육법 제2조의 대학, 산업대학, 교육대학, 전문대학, 각종학교 및 같은 법 제29조의2 일반대학원, 전문대학원에 재학 중인 학생* 합격발표를 하지 않는 신입생은 대학지원수험표를 제출하면 지원 가능* 보호자(부, 모)의 주민등록지가 다를 경우, 광주·전남 중 선택하여 지원 가능하며, 광주와 전남 모두 지원할 경우, 합격여부에 관계없이 탈락 처리됨",대학 재학석·박사,제한없음,제한없음,제한없음,-,"1. 지원 제한 대학- 방송통신대학, 사이버대학 등 원격대학- 학점인정 등에 관한 법률에 따라 학점은행제 등으로 학력을 인정하는 평가인정기관, 평생교육시설, 직업교육훈련기관- 전공대학2. 자격 제한- 퇴학, 휴학, 정학처분을 받고 그 처분이 종료되지 않은 학생 (단, 휴학생 중 2020학년도 1학기 등록예정자는 입사가능)- 사생수칙 위반으로 남도학숙에서 퇴사한 사람- 전염성질환으로 공동체 생활에 부적합한 학생- 대학원생 중 직장에 재직 중인 학생","공고시 광주광역시 홈페이지에서 신청서 및 정보제공 동의서 양식 다운*광주광역시청 민뭔실에서 방문접수만 가능(정기 모집)- 보호자의 주민등록지가 광주광역시인 학생 : 광주광역시청 민원실- 보호자의 주민등록지가 전라남도인 학생 : 주민등록지 시·군청 담당실과 남도학숙 홈페이지에서 온라인 신청(수시모집)*보호자(부, 모)의 주민등록지가 다를 경우 광주·전남 중 선택하여 지원 가능하며, 광주, 전남 모두 지원할 경우 합격여부에 관계없이 탈락 처리됨",방문접수만 가능,http://www.ndhs.or.kr,#NAME?,"- 부모님이 이혼한 경우는 주거를 같이하는 부 또는 모의 가족관계증명서나 혼인관계증명서를 제출하고 건강보험료 등 관련 서류는 한 분 것만 제출- 행방불명 등의 사유로 제출이 어려운 경우 공적자료(가족관계증명서, 혼인관계증명서, 주민등록 말소 등(초)본, 행방불명신고서 등)를 추가 제출- 건강보험료 자격확인서는 주민등록표에 기재된 가구원 모두를 확인 할 수 있어야 함- 학점은행제 등으로 학력을 인정하는 평가인정기관, 평생교육시설, 직업교육 훈련기관이나 전공대학, 방송통신대학, 사이버대학 등은 지원이 불가능함예)서울종합예술실용학교, 숭실대 호스피탈리티 직업전문학교, 백석예술대 등- 합격자발표를 하지 않은 신입생은 대학지원수험표로 지원이 가능하며 입사 시 학숙에 합격증명서 또는 등록금영수증 제출- 편입생의 경우 편입 대학에서 1학기 이상을 재학하여 성적증명서 발급이 가능한 경우 현재 재학 중인 대학의 성적증명서를 제출하고, 편입 예정인 경우 전적대학의 전체학년 성적증명서 제출- 휴학 등의 사유로 재학증명서 제출이 어려운 학생은 입사 시 남도학숙에 재학증명서를 제출하여야 함- 전남 보호자 주민등록지 시?군 소재 고등학교 졸업생 가점은 전남 지원자만 해당예) 창평고 졸업생이 담양군에 접수할 때만 가산되며 담양 외 시군 접수시 대상 아님- 합격자 발표 후 예비자 순위는 학숙별로 관리됨-제출한 서류는 반환하지 않음",광주광역시청 여성가족국 교육청소년과,(재)남도장학회,https://www.ndhs.or.kr/2014/sub/privacy.php?zoom=0&m=mobile,https://www.ndhs.or.kr/2014/index.php
광주형일자리근로자 주거비지원,R2021031101267,무주택 근로자 주거비 지원,"주거·금융, 주거지원",상생형지역일자리인 광주형일자리(GGM) 근로자 주거비(월임대료 및 임대보증금 이자) 지원,2021.01.01.~2021.12.31.,수시,"공공임대 연197만원, 민간임대 연195만원",광주,39,만 18세 ~ 39세,GGM 근로자,제한없음,제한없음,재직자(GGM근로자),"기타(무주택, 35백만원이하소득)","소득 35백만원 이하, 무주택 근로자","소득 35백만원 이상, 유주택 근로자",대상자명단취합-대상자명단통보,무주택자 검증-주거비신청-신청서 검토 후 지원,별도 신청 사이트 없음,"GGM근로자 주거비 지원신청서, 부정수급방지확인서, 임금확인증, 공과금영수중사본, 주민등록등본, 표준임대차계약서, 개인정보제공동의서, 통장사본, 무주택확인서",-,광주광역시청 일자리경제실 일자리정책관,(재)광주경제고용진흥원,https://www.gwangju.go.kr/main.do,-
대전청년하우스 조성,R2021031100899,청년근로자의 주거복지 향상과 관내 중소기업의 고용환경 개선을 위해 청년 근로자 기숙사를 조성,"주거·금융, 주거지원",기숙사 입주자에 대한 숙식 등 편의제공,2020.12.~,청년근로자,226명,대전,39,만 18세 ~ 39세,대전에 사업장을 둔 중소기업의 근로자,제한없음,제한없음,재직자,중소기업,-,청년근로자,청년하우스 제출 및 이메일 제출,우선순위 확인 후 선정,-,1. 입주신청서2. 중소기업확인서,-,대전광역시청 청년가족국 청년정책과,씨앤씨티컨소시엄,-,http://www.daejeonyouthhouse.co.kr/
(전남 순천시) 신혼부부 주택 전세자금 대출이자 지원,R2021021803101,무주택 신혼부부 주택전세자금 대출이자 지원,"주거·금융, 주거지원","주택전세자금 대출이자 지원(월 최대  10 만원, 2년간 지원)
  ※ 월 대출이자 10만원 미만 ? 실제 납입 이자만 지원
    (예시:월이자 78,000원 납입 → 78,000원 지원 / 월이자 130,000 납입 → 100,000원 지원)",2021.02.~2021.12.(예산소진시까지),연중(예산 소진시까지),70여명,전남 순천시,39,만 19세 ~ 39세,"신청일 기준 부부 모두가 순천시에 주소를 둔 만19세 이상 39세 이하 무주택 신혼부부
                   (혼인신고일 5년 이내) / 1981. 1. 1. ~ 2002. 1. 1.출생",제한없음,제한없음,제한없음,제한없음,"시중 전 은행, 신혼부부 전세자금대출에 한함","국가나 지방자치단체 등으로 부터 주거 급여 지원 받는 경우, 공공임대주택(국민임대주택, 영주임대주택, LH매입임대주택, LH전세임대주택 등) 거주자, 주택소유자(본인 및 배우자) 등","신청서류 구비 후 순천시 투자일자리과 상담 후 지정 농협 대출 상담
- 구비서류 지참, 평일 근무시간내(09:00~18:00) 본인 방문 접수
- 우편, 팩스, 인터넷 접수 불가, 점심시간(12:00~13:00) 접수불가",수시,방문신청(접수처 : 순천시 투자일자리과 청년지원팀),"신청서, 개인정보제공동의서, 주민등록등본, 혼인관계증명서, 임대차(전세)계약서 등",-,순천시청 투자일자리과,-,https://www.suncheon.go.kr/kr/news/0001/0001/?boardId=BBS_0000000000000130&mode=view&cntId=7767&category=&pageIdx=,https://www.suncheon.go.kr/
청년마을공방 운영,R2021031100679,1인 청년가구를 위한 생활밀착형 공공서비스(공구대여 등) 제공,"주거·금융, 주거지원",기초 목공 및 집수리 교육 등 주택관리,2021.01.01.~2021.12.31.,-,-,서울 금천구,39,만 19세 ~ 39세,금천구에 거주 및 활동하는 청년,제한없음,제한없음,제한없음,제한없음,-,제한없음,-,-,-,-,-,금천구청 아동청년과,-,http://www.youthblg.org,https://blog.naver.com/youthblg
보호종료아동 주거지원 통합서비스,R2022012501413,보호종료아동의 성공적인 자립실현을 위한 안정적 주거환경 조성 및 통합 사례관리를 통한 사회·경제·심리적 자립생활 기반 구축,"주거·금융, 주거지원","1. 주거지원 : 한국토지주택공사(LH) 매입임대주택 및 전세임대주택 월 임대료 지원

 ※ 사례관리 기간 동안 매월 15~20만원 상당 임대료 실비 지원(지역별 차등지원)

2. 주거환경조성 : 물품 유지관리, 물품지원 등(1호당 50만원)을 지원

3. 사례관리 : 개별 대상자 특성을 고려한 복지급여(서비스) 연계 및 자립지원 서비스 제공, 대상자 1인당 매월 20만원 사례관리비 지원",-,-,-,중앙부처,999,제한없음,"지원대상: 아동양육시설, 공동생활가정, 가정위탁 보호종료 5년 이내 아동 중 다음 사항을 모두 충족하는 경우 지원

선정기준: 

1. 한국토지주택공사(LH) 매입·전세임대주택 거주 중인 자 (계약 완료 후 2달 이내 거주 예정인 자 포함)

 2. 재계약을 포함하여 계약 잔여기간이 최소 1년 이상인 자",제한없음,제한없음,제한없음,보호종료아동,-,-,대상자 통합조사 및 심사 - 대상자 확정 - 이의 신청 접수,"(1) 선정·연장 기준

- 수행기관은 입주신청자의 적격여부에 대해 다음 사항을 통해 심사_지원동기, 자립 여건, 기타(추천서, 보호기간 등)

(2) 선정·연장 절차

- 수행기관이 정해진 심사기준에 따라 (연장)신청일 기준 14일 이내 지원 대상자 선정하여 시도로 보고(특별한 사유가 있는 경우 최대 30일)

 - 시도에서 7일 이내 최종 결정 후 수행기관이 대상자에 결과 통보

- 해당 지역 지원 가능 인원 마감 시까지 상시로 접수하며 해당 지역 마감 시 관계기관  홈페이지를 통해 공지",http://bokjiro.go.kr/welInfo/retrieveGvmtWelInfo.do?welInfSno=16492,-,-,보건복지부 아동권리과,각 지역 담당 수행기관,https://www.bokjiro.go.kr/ssis-teu/twataa/wlfareInfo/moveTWAT52011M.do,https://www.bokjiro.go.kr/ssis-teu/index.do
희망하우스 빈집재생사업,R2021031101772,방치된 빈집을 새롭게 단장하여 주거 취약계층에게 무상 임대주택을 제공함으로써 서민 주거안정 도모,"주거·금융, 주거지원","(단순주거형) 주거취약계층에게 무상임대 제공하여 실 주거 공간 제공
 - 주거취약계층 : 저소득층(기초생활수급자, 차상위계층, 한부모가정 등), 귀농·귀촌인, 청년, 신혼부부, 65세 이상 노인 및 부양자, 장애인, 마을(문화)활동가 등",2021.01.01.~2021.12.31.,공고 후 시군별 해당물량 소진시까지,-,전북,34,만 19세 ~ 34세,"저소득계층, 장애인, 귀농 귀촌인, 신혼부부, 청년, 대학생, 65세 이상 노인 등",제한없음,제한없음,제한없음,제한없음,"- 임대자와 입주자는 주택임대차보호법에 따라 주택임대차계약을 하며, 임대료는 무상으로 5년간 임대
(단, 상호 협의에 따른 일정 수준의 임대보증금 설정 가능)",소득기준에 따라 제한,건물 소재지 읍·면·동 및 시·군 건축 관련부서 방문 신청,사업 수행 기관 심사 진행 후 발표,해당 없음,"- 시·군 홈페이지 고시·공고란에서 다운로드 가능
- 읍·면·동사무소 및 시·군 건축 관련부서 비치","- 입주자는 대상주택 확정 시 모집
- 전주시 제외(사업수요조사 시 미신청)",전라북도청 건설교통국 주택건축과,-,,https://www.jeonbuk.go.kr/index.jeonbuk
청년 전세보증금 반환보증 보증료 지원,R2021021803577,주거취약계층인 청년의 전세보증금 반환 안전장치 마련으로 도내 주택시장 안정 및 보증료 부담완화에 기여,"주거·금융, 주거지원",전세보증금 반환보증 보증료 지원,연간,시군 공고문 참조,"9개 시군(진주, 통영, 김해, 밀양, 거제, 의령, 함안, 고성, 남해)",경남,39,만 19세 ~ 39세,"전세보증금 1억원 이하 임대차계약한 도내 청년
중위소득 180% 이하
* 반환보증 가입 및 갱신일 기준: 19.10월~21.12월",제한없음,제한없음,제한없음,제한없음,전세보증금 반환보증 기관에 보증료 신청 완료자,"전세보증금 반환 보증기간이 만료된 자(신청일 기준), 임차인이 법인사업자, 보증금 반환보증 가입 의무가 있는 민간임대주택의 임차인 등",접수신청(시·군) - 대상자 결정 및 보증료 지원(시·군),"서류심사, 대상자 선정(시·군)",-,"전세보증금 반환보증 보증서 사본, 임대차계약서, 신청인 통장, 신청인 신분증 사본","문의: 경상남도 건축주택과 055-211-4474
*전세보증금 반환보증 보증료: 주거용 주택에 임대차계약을 체결한 임차인이 반환보증 보험에 가입하여 전세 주택이 경매, 공매 또는 전세계약의 해지, 종료로 임차인이 전세금을 반환받지 못하는 손해를 보상 해주는 보험료",경남도청 도시교통국 건축주택과,해당없음,https://www.gyeongnam.go.kr/youth/youthPolicySearch.es?page_no=1&mid=a10101000000&start_date=&end_date=&apply_availablity=&policy_title=%EC%A0%84%EC%84%B8%EB%B3%B4%EC%A6%9D&boardId=4&orderby=,https://www.gyeongnam.go.kr/youth/
청년 매입임대주택 공급,R2021031101051,"저소득층, 대학생, 청년, 신혼부부 등 주거취약계층이 현 생활권에서 거주할 수 있도록 공공주택사업자(LH, 부산도시공사)가 기존주택 등을 매하고 임차하여 저렴하게 공급함으로써 주거안정을 도모","주거·금융, 주거지원","- 매임임대 : 220호(청년 190호, 신혼부부Ⅱ 10호, 청년리모델링20호) 
- 전세임대 : 150호(저소득층)",2021.01.01.~2021.12.31.,1월 중 공고(연중 모집),"매입임대 청년 120호
(청년 리모델링 29호)",부산,39,만 19세 ~ 39세,"(청년)생계의료급여수급자,
본인과 부모의 월평균 소득 100퍼센트 이하 가구 등",제한없음,제한없음,제한없음,제한없음,"- 부산도시공사 기준 LH 별도시행
- 세부사항은 모집 공고 확인",-,"부산도시공사, 한국토지주택공사 사업공고 참고",공고문 별도 확인 필요,"- https://www.bmc.busan.kr/bmc/main.do
- https://apply.lh.or.kr/LH/index.html#MN::CLCC_MN_0010:",사업공고 확인,-,부산광역시청 건축주택국 주택정책과,부산도시공사,https://www.busan.go.kr/young/house04,https://www.busan.go.kr/young/index
2030세대 공유형주거시설 조성사업,R2021021802387,유수지를 활용한 공유형주거시설 조성으로 도시공간 활용을 높이고 저렴한 임대주택 공급으로 주거안정에 기여,"주거·금융, 주거지원",주변 임대시세의 60~80퍼센트 수준으로 주거시설 공급,2018.09.04.~2023.12.31.,분양일정 미정,100세대(명),경기 성남시,39,만 19세 ~ 39세,"학교 또는 직장이 성남시에 소재한 무주택자 또는 무주택세대구성원(신혼부부)- 소득 : 공공주택 특별법 시행규칙 별표 5. 행복주택의 입주자 자격 중 대학생, 청년, 신혼부부 적용- 자산 : 공공주택 입주자 보유 자산관련 업무처리기준(행복주택 입주자격 중 대학생, 청년, 신혼부부 적용)","고교졸업, 대학재학, 대학졸업, 기타(19~39세 무주택 청년)",제한없음,"재직자, 미취업자, 기타(대학생)",저소득층,-,-,입주자 모집 공고시 신청신청 홈페이지에 접속하여 신청서 및 증빙서류 양식 다운구비 서류 양식 작성 및 증빙서류 구비홈페이지 신청 또는 방문제출,입주자 모집 공고시 안내,미정,"취업 및 재학여부, 소득 및 자산 등을 확인할 수 있는 서류(모집공고시 안내)",-,성남시청 도시주택국 주택과,성남시청 도시주택국 주택과,http://www.molit.go.kr/happyhouse/info.jsp,-
